Date,GDP,CPI,inflation,housing,federal_funds,bank_loan,employment_rate,unemployment_rate,consumer_confidence,bonds_price,mortgage_rates,public_debt,total_debt,debt,bonds_issued,IRS Tax,bonds_sentiment,economy_sentiment,housing_market_sentiment,taxes_sentiment,loans_sentiment,interest_rates_sentiment,recession_sentiment,unemployment_sentiment,inflation_sentiment
2022-03-01,25000000000000.0,283716.0,6.4,800000.0,0.2,3.37,60.1,3.6,59.4,,,,,,,,0.5847783335306517,,0.7066512760592862,0.6764575372669724,0.9008621661150952,0.5014568992792683,0.17233501532744808,0.5413552381387514,
2022-03-02,,,,,,,,,,460.9,,23800000000000.0,30300000000000.0,30233333333333.332,,,0.5666983226864342,,0.849652138243309,0.6541294881620208,0.8453829724339006,0.3544907402400264,0.15597252323536992,0.39321961043890247,
2022-03-03,,,,,,,,,,462.22,3.76,23800000000000.0,30200000000000.0,30233333333333.332,,,0.5813915928921837,,0.6801404469189657,0.6594123698655097,0.8101514260469974,0.5063764735446324,0.17505050170917527,0.45447599455780285,
2022-03-04,,,,,,,,,,464.87,,23800000000000.0,30200000000000.0,30266666666666.668,,,0.54441458212156,,0.6173692728009126,0.6594899350642008,0.827968693513758,0.45250943299007235,0.12094317004751495,0.5661418924606544,
2022-03-05,,,,,,,,,,,,,,,,,0.5172369886269679,,0.6579298230314921,0.5688555963275711,0.8309771196569692,0.44372584022381967,0.18452617544760122,0.48574481096429994,
2022-03-06,,,,,,,,,,,,,,,,,0.5092546274526244,,0.7688044285821766,0.5694763568384007,0.9089185818983956,0.4040382228032689,0.1363051608916395,0.36782908257327707,
2022-03-07,,,,,,,,,,463.6,,23800000000000.0,30300000000000.0,30266666666666.668,,,0.4521207400444499,,0.6988946758713926,0.6099962053078191,0.8848556567827958,0.48994212480522165,0.12462985160031068,0.37280052181959383,
2022-03-08,,,,,,,,,,461.55,,23800000000000.0,30300000000000.0,30233333333333.332,,,0.6124714235454385,,0.6625739129097521,0.6034908384890496,0.8135639866022549,0.4295953816071753,0.13150149287011006,0.4694211897396153,
2022-03-09,,,,,,,,,,459.94,,23800000000000.0,30200000000000.0,30200000000000.0,,,0.5976154964006742,,0.8842150970765074,0.6436977863156353,0.8364536366924965,0.46279461564766644,0.14676413119885104,0.4750718346597849,
2022-03-10,,,,,,,,,,458.26,3.85,23700000000000.0,30200000000000.0,30200000000000.0,,13909126030.714285,0.5653917598634485,,0.7575276242266517,0.6543017638299133,0.8765747078601323,0.4593562699370619,0.16862526533616262,0.5017251987339811,
2022-03-11,,,,,,,,,,458.26,,23700000000000.0,30200000000000.0,30233333333333.332,,13383080010.428572,0.5557989702247776,,0.67023120612829,0.648145563628391,0.8920616549577881,0.4569944462773483,0.11889867843424146,0.4335810784423717,
2022-03-12,,,,,,,,,,,,,,,,,0.5654120638942635,,0.7355615580564265,0.585838338693818,0.8728528503675678,0.8208368970282924,0.1244311619723583,0.35504176674267707,
2022-03-13,,,,,,,,,,,,,,,,,0.4533868610785961,,0.7145808074841843,0.5992632255328587,0.9237314591136376,0.4400249937632154,0.16553080895563502,0.49054888113303796,
2022-03-14,,,,,,,,,,454.61,,23700000000000.0,30200000000000.0,30266666666666.668,,17438972427.857143,0.5355782237176597,0.5186587633042491,0.719653407020026,0.6184009001111536,0.8101498460201221,0.4938408905295705,0.1388487129368385,0.5496311719107475,
2022-03-15,,,,,,,,,,454.47,,23800000000000.0,30300000000000.0,30300000000000.0,,17787149049.0,0.543533397875199,0.564884265475514,0.7108459826511059,0.6467393258371591,0.8109412476582429,0.45061959639246435,0.12966556748002445,0.3846158178332209,
2022-03-16,,,,,,,,,,454.59,,23800000000000.0,30300000000000.0,30300000000000.0,,17985756393.57143,0.5988056968163835,0.5285787408467721,0.8900925671883038,0.5926006444730295,0.789185702591006,0.35294885364493983,0.14151924445795724,0.4766662400039251,
2022-03-17,,,,,,,,,,453.73,4.16,23800000000000.0,30300000000000.0,30300000000000.0,,18112479645.0,0.6261222925446729,0.5784966601293969,0.7307208331128653,0.6148105166161686,0.8643006325103624,0.40518812827807515,0.21395199160740272,0.4771248586716879,
2022-03-18,,,,,,,,,,454.8,,23800000000000.0,30300000000000.0,30300000000000.0,,18447673876.0,0.5899924007717575,0.5514805533740008,0.6361385143527942,0.7028828101167941,0.8645851541424052,0.37624502123100434,0.16845639147880714,0.46035055134892383,
2022-03-19,,,,,,,,,,,,,,,,,0.5278061252475665,0.6026740731516043,0.6814925044182037,0.5334522443042836,0.8825287692290825,0.3991010435661457,0.18953169021685196,0.4819002680562717,
2022-03-20,,,,,,,,,,,,,,,,,0.5937417253344855,0.5085486434209803,0.8843758005104649,0.5096048056446757,0.8733476315420514,0.23650459851429972,0.18207114149283193,0.3167076138058607,
2022-03-21,,,,,,,,,,450.84,,23800000000000.0,30300000000000.0,30300000000000.0,,21130755193.57143,0.5419072579372144,0.5480280674362541,0.6836469854018175,0.6565284019087299,0.8366850120321798,0.42436746722693525,0.19126203733291383,0.47444257903152054,
2022-03-22,,,,,,,,,,449.22,,23800000000000.0,30300000000000.0,30300000000000.0,,19901626247.285713,0.5026954661584943,0.5459987364716413,0.6745183843223853,0.6368981850708544,0.8668195875629199,0.5405056885601389,0.16000702524393767,0.5112456897896204,
2022-03-23,,,,,,,,,,451.69,,23800000000000.0,30300000000000.0,30300000000000.0,,16530555146.142857,0.5344211606679211,0.5466934468940683,0.520136920300905,0.6346818304553049,0.8752549247097352,0.33034998254079834,0.19389407363380448,0.4797391732152664,
2022-03-24,,,,,,,,,,450.39,4.42,23800000000000.0,30300000000000.0,30300000000000.0,,14748919067.571428,0.4806954729702946,0.5561035903398893,0.6673230224471433,0.6642139640599051,0.8664652846427635,0.4433515327984822,0.15193434687855875,0.5358188523013788,
2022-03-25,,,,,,,,,,447.44,,23800000000000.0,30300000000000.0,30300000000000.0,,11065762675.428572,0.494935932607553,0.5251837261140302,0.6347449178577566,0.652713978956745,0.8358738715546435,0.3797586390262109,0.15473818395643543,0.43626734976596876,
2022-03-26,,,,,,,,,,,,,,,,,0.54338797910801,0.579771539769634,0.5351591465364358,0.570769357993441,0.8661737665605065,0.4092458413429865,0.13796296272802866,0.5386581248533366,
2022-03-27,,,,,,,,,,,,,,,,,0.48974085690279484,0.48446998687250586,0.6778826540575192,0.6285841791358066,0.9203877602110132,0.4367586230843737,0.1525911481737733,0.37510067122960733,
2022-03-28,,,,,,,,,,448.08,,23800000000000.0,30300000000000.0,30300000000000.0,,13591883355.857143,0.565815524250786,0.5368271949042777,0.633423133850446,0.6212826871389264,0.8858304282001622,0.3669215532769771,0.18843851646153065,0.45395154187686537,
2022-03-29,,,,,,,,,,449.32,,23800000000000.0,30300000000000.0,30333333333333.332,,12619639068.142857,0.532227237887995,0.5773779451413585,0.6057308191518859,0.5894447610257281,0.8578700976844776,0.4586502613232624,0.1532985484055918,0.35424425782242047,
2022-03-30,,,,,,,,,,450.44,,23800000000000.0,30300000000000.0,30333333333333.332,,10967967173.857143,0.5582295993547985,0.5191136991240713,0.6597190662765123,0.6045005318798423,0.8809135950416052,0.6089518461849379,0.16482223374948124,0.3686542633243722,
2022-03-31,,,,,,,,,,450.7,4.67,23900000000000.0,30400000000000.0,30366666666666.668,6860671759.0,11622276533.285715,0.5358017757717626,0.5049727210167798,0.7239562161738239,0.6223131633371177,0.847712944944011,0.4862084644016219,0.16479810589616123,0.4137434572035689,
2022-04-01,25000000000000.0,287504.0,6.5,825000.0,0.33,3.5,59.9,3.6,65.2,449.59,,23900000000000.0,30300000000000.0,30333333333333.332,,14323634415.428572,0.5441445202964251,0.5169467243240553,0.7373900099186448,0.53584661344835,0.7963467801478066,0.44450087222593204,0.12285130395165898,0.45863440720748544,
2022-04-02,,,,,,,,,,,,,,,,,0.572939321134766,0.5104586814888484,0.8285515609269449,0.5903779699685753,0.8685980634339143,0.42689922164535815,0.1645227807963399,0.47053379562229947,
2022-04-03,,,,,,,,,,,,,,,,,0.5296272402482168,0.48943491945761003,0.8406200597412221,0.4906223884050136,0.8832318829564043,0.4407319279952239,0.19172320081851882,0.4747546603043767,
2022-04-04,,,,,,,,,,449.37,,23900000000000.0,30400000000000.0,30333333333333.332,,18311312474.142857,0.5341561873014236,0.5643569577821376,0.8287846156798697,0.5785971956435612,0.9022184571541537,0.42812012555940154,0.2061631080291936,0.6279465337022252,
2022-04-05,,,,,,,,,,446.01,,23800000000000.0,30300000000000.0,30333333333333.332,,18256307121.142857,0.5858157105453387,0.5596678297429957,0.7847147444565721,0.6242371604707576,0.8826327616945429,0.5200524562377548,0.1274170218600025,0.4222366340989987,
2022-04-06,,,,,,,,,,445.27,,23800000000000.0,30300000000000.0,30366666666666.668,,17906762858.285713,0.4624212515798564,0.5571594178267858,0.7143027935177013,0.6270714580891992,0.8163956539496372,0.40270625942350863,0.14285187991109724,0.5210742310049178,
2022-04-07,,,,,,,,,,444.75,4.72,23900000000000.0,30400000000000.0,30400000000000.0,,18329212147.57143,0.5838659281665942,0.526113521433238,0.6939667240509176,0.5670771374303369,0.8724693576849472,0.436992446111089,0.1678358611915634,0.430050288479485,
2022-04-08,,,,,,,,,,443.1,,23800000000000.0,30400000000000.0,30400000000000.0,,18615167410.142857,0.5265208640897164,0.570993728411281,0.6893174790845755,0.614077545010865,0.8596708346451588,0.43734129203398997,0.17256742567278566,0.5358697566945343,
2022-04-09,,,,,,,,,,,,,,,,,0.5591005264184898,0.5056862877499348,0.7013016711335606,0.5573447987024842,0.8175779143716693,0.4235528895242456,0.10219773910862263,0.475732550552486,
2022-04-10,,,,,,,,,,,,,,,,,0.4670355122580862,0.5414873244167006,0.6367935564110946,0.6241866594706632,0.9089105612823336,0.3708857267507254,0.2218211340632901,0.35452028942405844,
2022-04-11,,,,,,,,,,441.78,,23900000000000.0,30400000000000.0,30366666666666.668,,22321496239.714287,0.4858793312784116,0.5013187193032819,0.6332155761444657,0.6465214344912101,0.8477788872014098,0.5016799155477092,0.14950848901706054,0.37700198176215555,
2022-04-12,,,,,,,,,,442.97,,23800000000000.0,30400000000000.0,30333333333333.332,,21412307079.57143,0.4655669509854146,0.4544827431498704,0.7455554711630995,0.6192388649968512,0.9175933832918053,0.41081665127856226,0.14960502074413654,0.39706858565739434,
2022-04-13,,,,,,,,,,443.4,,23800000000000.0,30300000000000.0,30300000000000.0,,22258413235.57143,0.5346593072651434,0.49022855286371025,0.7068348745954144,0.626724998411682,0.8433047885421555,0.46467575503873904,0.1782004184552293,0.42647935464378756,
2022-04-14,,,,,,,,,,440.61,5.0,23800000000000.0,30300000000000.0,30333333333333.332,,30586049865.0,0.6317905266158417,0.5604228082204802,0.7685681222104473,0.6462641408828694,0.839672912712651,0.4556053377833547,0.1599763574219459,0.37745589208375924,
2022-04-15,,,,,,,,,,,,23700000000000.0,30300000000000.0,30366666666666.668,,40033057260.14286,0.6429007136961098,0.5735360256054316,0.8248070792382243,0.6405781226989458,0.8400146691246794,0.2975957203813746,0.15622196326995913,0.4143973598464147,
2022-04-16,,,,,,,,,,,,,,,,,0.604680322138089,0.5361304044568905,0.881364593707678,0.5648182132077956,0.8817359405684431,0.41789382324509017,0.19800641368776611,0.40902212835790114,
2022-04-17,,,,,,,,,,,,,,,,,0.7075694879189697,0.5141467707215864,0.6874168238105234,0.6078589607505811,0.8844597921391779,0.3757665778237615,0.16763938803158623,0.35624866030546876,
2022-04-18,,,,,,,,,,440.09,,23900000000000.0,30400000000000.0,30400000000000.0,,61858848378.0,0.5055691135561732,0.5545222869870837,0.6886270884261224,0.6843090226135633,0.8786505892857823,0.41705612505329903,0.12942626879828148,0.5143161653564483,
2022-04-19,,,,,,,,,,438.25,,23800000000000.0,30400000000000.0,30400000000000.0,,62543181931.28571,0.5507299476202396,0.5792548641756766,0.6600756980060541,0.5818504849315298,0.8280714466172266,0.4140341302160042,0.17323381370877985,0.456463982907885,
2022-04-20,,,,,,,,,,440.43,,23800000000000.0,30400000000000.0,30400000000000.0,,75257245066.42857,0.5624435425883125,0.5623802550665934,0.6339144825642467,0.5926261298576306,0.8950253800019156,0.4379776261851518,0.15686185959391183,0.4648056850710235,
2022-04-21,,,,,,,,,,438.88,5.11,23800000000000.0,30400000000000.0,30400000000000.0,,75398141082.0,0.49838402458231595,0.6292417788398499,0.7564651488582449,0.5671772060773975,0.8302525652313005,0.38389042384463873,0.18257511854837297,0.47022896518148394,
2022-04-22,,,,,,,,,,438.59,,23800000000000.0,30400000000000.0,30400000000000.0,,73668706090.57143,0.5503081958980621,0.5663576653886437,0.8004584576806846,0.5919445431995435,0.8582842708512156,0.42146545663789925,0.16567666237711348,0.40386083189538385,
2022-04-23,,,,,,,,,,,,,,,,,0.5765408015919408,0.5229641131884081,0.6860970825879674,0.5812732928536349,0.7787584583285596,0.5017812148914487,0.19460110250966667,0.42359732377635395,
2022-04-24,,,,,,,,,,,,,,,,,0.5432711647554233,0.5667316458936072,0.8009574317853053,0.5503754485310809,0.8593908400030255,0.6112920827161198,0.17208338873864354,0.4452186196561017,
2022-04-25,,,,,,,,,,440.22,,23800000000000.0,30400000000000.0,30400000000000.0,,69865128998.85715,0.5714078631424794,0.5699517089374515,0.6766903454498836,0.5496161002915495,0.8477248979527071,0.44475670403244877,0.1730926612311418,0.4767955111469957,
2022-04-26,,,,,,,,,,442.1,,23800000000000.0,30400000000000.0,30400000000000.0,,63506649253.14286,0.5659291539919062,0.6061799594442131,0.7297779872069733,0.5948309673190667,0.8565548662766284,0.3682121128176556,0.1695196683955659,0.4465359483853387,
2022-04-27,,,,,,,,,,440.63,,23800000000000.0,30400000000000.0,30400000000000.0,,44362129137.0,0.6467475910166004,0.6024298267983359,0.7306882883680248,0.5912100422790166,0.8215899774536679,0.41434718937878756,0.12770963754213369,0.40571183754149437,
2022-04-28,,,,,,,,,,440.27,5.1,23800000000000.0,30400000000000.0,30400000000000.0,,44371010417.14286,0.5953791507247703,0.5315138054653457,0.7523673362635365,0.6085839326944833,0.857041499288606,0.345673294287487,0.1257865392182208,0.44509956986260796,
2022-04-29,,,,,,,,,,438.46,,23800000000000.0,30400000000000.0,30400000000000.0,,30940673890.0,0.5721551256414344,0.5205038569454977,0.6023845689967542,0.5968481798425458,0.8186209503561342,0.4537037090792493,0.14052515091758752,0.4594086553617985,
2022-04-30,,,,,,,,,,,,,,,6860722984.0,,0.6066935686225898,0.5116203729405163,0.6979937363075964,0.5417787708131592,0.7693197886511107,0.27430105157257434,0.15521166256927468,0.38547260549612516,
2022-05-01,25200000000000.0,289109.0,6.2,880000.0,0.77,3.93,60.0,3.6,58.4,,,,,,,,0.5918370515295825,0.5293741845519713,0.7066217826069714,0.5686621699686872,0.8367024189838053,0.38022609525246404,0.14590749054706623,0.4103857308308006,
2022-05-02,,,,,,,,,,436.53,,23900000000000.0,30400000000000.0,30400000000000.0,,35866683951.85714,0.5190593943451894,0.5305787477619518,0.7347188538175077,0.6223192478257378,0.8383368985121078,0.3852612373838946,0.22417851054533183,0.41737501566711144,
2022-05-03,,,,,,,,,,436.92,,23900000000000.0,30400000000000.0,30400000000000.0,,36562288653.85714,0.6101872669641478,0.5537365279371107,0.7352349450713285,0.6429567543718824,0.8868129648447239,0.44143981381320263,0.15381633834907804,0.44745438530832904,
2022-05-04,,,,,,,,,,438.56,,23900000000000.0,30400000000000.0,30400000000000.0,,34035610159.42857,0.5853592435953363,0.571087801226582,0.7370469087750018,0.551120894675698,0.7642044685933663,0.39972882859549647,0.18996278208587639,0.3931705782230098,
2022-05-05,,,,,,,,,,435.59,5.27,23800000000000.0,30400000000000.0,30400000000000.0,,29525472410.285713,0.47429028980943394,0.5319829524273688,0.7261243054011359,0.5563240649219788,0.7445646572449887,0.38906675230531174,0.13690945431054607,0.4691132082439674,
2022-05-06,,,,,,,,,,433.96,,23800000000000.0,30400000000000.0,30400000000000.0,,27635715367.42857,0.5877982498781336,0.5549273218984501,0.6801106564163649,0.6213793555619977,0.8284567420094987,0.36574992788879196,0.16122680962477298,0.5488418935987428,
2022-05-07,,,,,,,,,,,,,,,,,0.5408410331239101,0.546284283289341,0.8300441459089622,0.5792330845949459,0.8278009133847276,0.4040345642754558,0.19469089167522094,0.4536655649657969,
2022-05-08,,,,,,,,,,,,,,,,,0.6085516557007925,0.5699182828617764,0.8028462701672198,0.5164212817534295,0.8378077192176889,0.3939710130365561,0.15867522675335924,0.3962654753372275,
2022-05-09,,,,,,,,,,436.0,,23800000000000.0,30400000000000.0,30400000000000.0,,28195144776.57143,0.4962906537909953,0.5311697005367036,0.6076487949371737,0.5695057011270672,0.8026399123659536,0.4320107718843856,0.1651390051780008,0.50966082299559,
2022-05-10,,,,,,,,,,436.75,,23800000000000.0,30400000000000.0,30400000000000.0,,25049864283.714287,0.5627805382693416,0.5974535308857285,0.6342282881269093,0.5612120161480083,0.8237441641093802,0.38269308065483154,0.1462573522417903,0.3948055701941844,
2022-05-11,,,,,,,,,,438.44,,23800000000000.0,30400000000000.0,30400000000000.0,,18811944431.285713,0.5157199449489992,0.5041263562607569,0.5947203434693655,0.6052491770455815,0.8710916674453165,0.41176956338845133,0.14443667065950092,0.4391656284071905,
2022-05-12,,,,,,,,,,439.05,5.3,23800000000000.0,30400000000000.0,30400000000000.0,,15296546489.428572,0.5362347102281564,0.5157198269661613,0.5513320007313727,0.5979892056319192,0.8793659676603487,0.30781048144249007,0.13951958556150365,0.4165053548085613,
2022-05-13,,,,,,,,,,437.46,,23800000000000.0,30400000000000.0,30400000000000.0,,14455238100.0,0.5469275358432727,0.5339722277101767,0.5362931708555109,0.5581790231733373,0.8037816066587027,0.3200791983530634,0.1680187880356516,0.4304861852404853,
2022-05-14,,,,,,,,,,,,,,,,,0.6115457018333371,0.5165123613706543,0.4767135486625793,0.5275672157056182,0.8409426790386079,0.388515601957714,0.1332061213522899,0.38070207903757575,
2022-05-15,,,,,,,,,,,,,,,,,0.5626005947416791,0.5242361692059222,0.5298825750721045,0.6510269613325004,0.8124378017304584,0.36126316777126743,0.15775443964843813,0.40024901109297445,
2022-05-16,,,,,,,,,,438.14,,23900000000000.0,30400000000000.0,30400000000000.0,,19002740115.42857,0.5979700010950484,0.5119965298344574,0.6414379990927574,0.6232139612190271,0.8117767551117621,0.39799725722680146,0.17521567791436635,0.3701292512495534,
2022-05-17,,,,,,,,,,435.94,,23900000000000.0,30400000000000.0,30400000000000.0,,17677974434.285713,0.6552910576577022,0.5356103588962218,0.6198220875084739,0.5585058610852363,0.8268744504512647,0.3669595254499855,0.15559278185601774,0.4450531071825522,
2022-05-18,,,,,,,,,,438.08,,23900000000000.0,30400000000000.0,30400000000000.0,,16167427178.857143,0.5362378726269416,0.47753970816822616,0.7391665085883955,0.6016581050958754,0.8701113535381076,0.34396347884023637,0.11370756527895196,0.4328604610990071,
2022-05-19,,,,,,,,,,438.91,5.25,23800000000000.0,30400000000000.0,30400000000000.0,,15764148137.428572,0.5762286338145614,0.5149934611212157,0.6614514158577912,0.6375678498954828,0.7783329089424821,0.44744152213258054,0.17545256230025663,0.4215520461539044,
2022-05-20,,,,,,,,,,440.26,,23800000000000.0,30400000000000.0,30400000000000.0,,14612166628.571428,0.5692231233792255,0.5158504405590121,0.6940403220314147,0.5790971294626988,0.819081300060295,0.5282105215056144,0.18230191347716476,0.405408343770997,
2022-05-21,,,,,,,,,,,,,,,,,0.6186618355015118,0.48648114543560483,0.7233501151884986,0.5874605387702834,0.8817541708340263,0.3378296592895282,0.14657672639353755,0.3749006821944452,
2022-05-22,,,,,,,,,,,,,,,,,0.5358138890846618,0.46708247637039285,0.609464664493729,0.4848140889540871,0.8468831554967,0.42823909255057513,0.16269867757125728,0.4574048705204719,
2022-05-23,,,,,,,,,,438.45,,23800000000000.0,30400000000000.0,30400000000000.0,,16653386325.142857,0.6015116693670631,0.5157975850121411,0.6737487227714876,0.600718785906933,0.7707960152061776,0.4047924663451535,0.21730486225476237,0.4333243712185653,
2022-05-24,,,,,,,,,,441.24,,23800000000000.0,30400000000000.0,30400000000000.0,,15071422113.857143,0.6243538400629812,0.5618446620437263,0.6013454416957553,0.6533693204078287,0.8036622878078952,0.47550220488346057,0.16510914409132538,0.4951273531689149,
2022-05-25,,,,,,,,,,441.87,,23800000000000.0,30400000000000.0,30400000000000.0,,10673787704.857143,0.5663443795337837,0.5597601967909293,0.6498812761638816,0.5896013608577252,0.7760143542128285,0.4243916786457648,0.1941791663759155,0.4186254479503805,
2022-05-26,,,,,,,,,,441.59,5.1,23800000000000.0,30400000000000.0,30433333333333.332,,10531508677.571428,0.6340301373413599,0.5409770817880789,0.6589988527681845,0.6186010129191074,0.8091026711492559,0.44137678260208274,0.17479209810953683,0.4384793245322103,
2022-05-27,,,,,,,,,,441.71,,23800000000000.0,30400000000000.0,30433333333333.332,,10126471304.285715,0.5869093160033386,0.5335824058512707,0.8274870351233158,0.6085142995734164,0.851320868199933,0.4912864183533356,0.2090461607830411,0.3962781318719631,
2022-05-28,,,,,,,,,,,,,,,,,0.60341121891847,0.5271658559708599,0.7096863448785691,0.5707665900994036,0.8225108639529046,0.6502436896982201,0.16959868994084565,0.44399946744677116,
2022-05-29,,,,,,,,,,,,,,,,,0.6051440967218262,0.5134084638417389,0.7477989400058974,0.6257787863130758,0.8756168357666755,0.5556385656229063,0.1839300577542362,0.4704638967320312,
2022-05-30,,,,,,,,,,,,,,,,,0.560103446665081,0.5653923322327382,0.6754684136648543,0.5852233459141293,0.8434051054923342,0.4424267613597217,0.18570371709186204,0.44848358657401793,
2022-05-31,,,,,,,,,,439.24,,23900000000000.0,30500000000000.0,30433333333333.332,6860758923.0,13282073559.857143,0.6227943500088552,0.5552187753889147,0.6458628398420136,0.6547736673979373,0.8142452840778126,0.4181681034719768,0.2105474377902148,0.5109072671188524,
2022-06-01,25500000000000.0,292296.0,6.0,900000.0,1.21,4.38,59.9,3.6,50.0,437.94,,23900000000000.0,30400000000000.0,30400000000000.0,,15365974101.0,0.6239421925619375,0.5599036268642018,0.5986982229042828,0.617255642246595,0.8558252904983625,0.4468523951034456,0.15637939443643006,0.36770946539733224,
2022-06-02,,,,,,,,,,438.15,5.09,23900000000000.0,30400000000000.0,30400000000000.0,,14573016016.142857,0.5007426417953312,0.5077623739468533,0.5785923639268921,0.6024908556384947,0.8627333327871014,0.4010657210799186,0.17345490334586106,0.4128100090892863,
2022-06-03,,,,,,,,,,437.69,,23900000000000.0,30400000000000.0,30400000000000.0,,15523301212.142857,0.5758298725148627,0.4826017708927837,0.6697848121881428,0.6313340254783902,0.8820090384535563,0.4730737085499727,0.21717634687136664,0.4892030132315405,
2022-06-04,,,,,,,,,,,,,,,,,0.6024003124559723,0.43935393973661646,0.7015767957410873,0.6299135719827679,0.8611345965036509,0.5599663334052235,0.19280850860816495,0.41712018766515585,
2022-06-05,,,,,,,,,,,,,,,,,0.487341628842314,0.47695015430290766,0.7413348244353073,0.47073354946738305,0.8070835549463022,0.475091937972257,0.18488101310153873,0.33923673114660263,
2022-06-06,,,,,,,,,,435.44,,23900000000000.0,30400000000000.0,30400000000000.0,,16496597666.142857,0.5873060423772276,0.5504990394777213,0.6266777887138573,0.6283797438649773,0.8721452780131896,0.4564568916888989,0.20031697777549715,0.4099802823104523,
2022-06-07,,,,,,,,,,436.53,,23900000000000.0,30400000000000.0,30400000000000.0,,16303371076.428572,0.5704931655402471,0.5253315454530262,0.6526016447440934,0.6065059361036357,0.8036939230430196,0.4427010979703873,0.17364967091179062,0.4159457838147191,
2022-06-08,,,,,,,,,,435.47,,23900000000000.0,30400000000000.0,30400000000000.0,,16672592319.428572,0.5669344830692619,0.5348168607445816,0.6072209075509071,0.5470182907515818,0.8076577505795793,0.5035537633559471,0.1485366524809468,0.4242281814471438,
2022-06-09,,,,,,,,,,435.35,5.23,23800000000000.0,30400000000000.0,30400000000000.0,,13901802540.857143,0.5813358046433117,0.5396695612891826,0.5591743849396416,0.6035172776314011,0.8025219342327234,0.427256571027408,0.16705653597277992,0.385080917570494,
2022-06-10,,,,,,,,,,432.76,,23800000000000.0,30400000000000.0,30400000000000.0,,12748648906.0,0.560408326458929,0.438630463408087,0.6768984456369477,0.5561233384992939,0.8770493596356754,0.3548062513299415,0.14695579555064767,0.46803622066799166,
2022-06-11,,,,,,,,,,,,,,,,,0.49830078604129785,0.4202091773128741,0.6829092344340809,0.5574868367591961,0.7740640291553355,0.4162389473783653,0.1473418829805306,0.43735768667417985,
2022-06-12,,,,,,,,,,,,,,,,,0.504567317079405,0.4035610139487094,0.4847829229043278,0.5144938354237554,0.8187657076491546,0.345060718418068,0.13224877341134778,0.2984591281004614,
2022-06-13,,,,,,,,,,427.78,,23800000000000.0,30400000000000.0,30433333333333.332,,16265252777.714285,0.40696051792337434,0.3719601809800816,0.5990174387977188,0.5904167916361782,0.8503398147289366,0.29426329582410404,0.1374724351620964,0.3806488403291713,
2022-06-14,,,,,,,,,,425.76,,23800000000000.0,30400000000000.0,30433333333333.332,,19018818889.57143,0.46115557848804795,0.475085337523404,0.44787242789024945,0.5099552401011901,0.8334086596948326,0.2684646268561752,0.1617302237172754,0.46837263361314846,
2022-06-15,,,,,,,,,,429.23,,23900000000000.0,30500000000000.0,30433333333333.332,,28930432666.57143,0.5310311701622329,0.44530454771054895,0.47548688335991784,0.5509596270584634,0.7629057439340851,0.34761228920869414,0.16815475410869188,0.44959321127959645,
2022-06-16,,,,,,,,,,430.66,5.78,23900000000000.0,30400000000000.0,30400000000000.0,,32180724502.142857,0.4664889403934719,0.4320777211717391,0.7186742936237761,0.6414560834588733,0.7667734193543053,0.29799367737993976,0.34274987576296956,0.40608923369722355,
2022-06-17,,,,,,,,,,430.73,,23900000000000.0,30400000000000.0,30400000000000.0,,31877104909.57143,0.5765102453529355,0.49164341659750566,0.7317340645116611,0.6277480711504776,0.8419427403483454,0.33201088129358286,0.3666284383435763,0.42602587698372546,
2022-06-18,,,,,,,,,,,,,,,,,0.7175319467853043,0.4748354948068236,0.8405863657647763,0.4899102471388684,0.8423841041807599,0.48184408474523227,0.31258166780516705,0.42359455483792163,
2022-06-19,,,,,,,,,,,,,,,,,0.620930492765042,0.2967014751460279,0.6189439811080802,0.5073580149607241,0.9075856463836864,0.3329847519695327,0.2840601354137524,0.4191849844477485,
2022-06-20,,,,,,,,,,,,,,,,,0.6161548879845187,0.47458610737938856,0.6185311748961534,0.6236189561466257,0.8369510118146355,0.43442793908781263,0.2246924162297743,0.40572868446686644,
2022-06-21,,,,,,,,,,429.16,,23900000000000.0,30400000000000.0,30400000000000.0,,34744945553.71429,0.6455608947802406,0.4842515686097763,0.6181918853383125,0.5868879957178885,0.8573613685441095,0.4313858104755853,0.2578250177336716,0.38882903550582143,
2022-06-22,,,,,,,,,,432.77,,23900000000000.0,30400000000000.0,30433333333333.332,,36024360630.0,0.5441608207598713,0.4675583817366782,0.7033300533751802,0.5797227139782433,0.8829130792912998,0.42418820916068806,0.2529240899342599,0.35191997322026275,
2022-06-23,,,,,,,,,,434.19,5.81,23900000000000.0,30400000000000.0,30466666666666.668,,33268126931.142857,0.5441637445108138,0.47418984003590053,0.6712614693767455,0.563953409299893,0.8167896437128273,0.44726855706377344,0.23504332881335005,0.4177031712008278,
2022-06-24,,,,,,,,,,432.87,,23900000000000.0,30500000000000.0,30500000000000.0,,31145651372.285713,0.5571232755471581,0.5011783058182868,0.7141614420794826,0.5823112649681967,0.8205972055586546,0.35688191063700275,0.257860124615201,0.37031491063457317,
2022-06-25,,,,,,,,,,,,,,,,,0.578109673311864,0.4710722709988958,0.6152859215339389,0.5558357383141629,0.8066794980843441,0.441476238489061,0.21590611855381495,0.43475802810671516,
2022-06-26,,,,,,,,,,,,,,,,,0.5991338444741162,0.47335858947478654,0.5399542880029827,0.5675890778236518,0.7459544628008612,0.34049141544282563,0.1519606429417038,0.4216501058964706,
2022-06-27,,,,,,,,,,431.59,,23900000000000.0,30500000000000.0,30500000000000.0,,22032838706.285713,0.5031127238456068,0.5072899642424008,0.6470192551373009,0.6326982679316361,0.7830673660309172,0.5186886740250238,0.22884792419704472,0.3606922725378269,
2022-06-28,,,,,,,,,,431.94,,23900000000000.0,30500000000000.0,30533333333333.332,,18820149057.57143,0.5535087976733639,0.4948754664981474,0.6083445256455658,0.6063735152157268,0.8442433515452975,0.44754756125122486,0.24429155640262018,0.4422134821549173,
2022-06-29,,,,,,,,,,434.03,,23900000000000.0,30500000000000.0,30533333333333.332,,19060987071.714287,0.5514589983269466,0.4683757468316397,0.5627227985567945,0.5736235990252865,0.817521533091954,0.37393781512501295,0.1989859325013311,0.3497101247018233,
2022-06-30,,,,,,,,,,435.75,5.7,23900000000000.0,30600000000000.0,30533333333333.332,6860762763.0,16149293922.571428,0.5549188188250198,0.476400912310152,0.7149065361915985,0.574260855076486,0.8389976840439214,0.394781566864045,0.19985468519792837,0.43626108886398113,
2022-07-01,25500000000000.0,296311.0,5.9,875000.0,1.68,4.85,59.9,3.5,51.5,438.25,,23900000000000.0,30500000000000.0,30500000000000.0,,16945345337.0,0.5116235456779653,0.48186468164425195,0.6934861521868684,0.6061124472488347,0.8597829058354813,0.40862772525819396,0.15792277372120328,0.42453082066888775,
2022-07-02,,,,,,,,,,,,,,,,,0.5532422480966,0.43943146567049907,0.7503126022624361,0.6380997091001721,0.8144259716480874,0.5604583700425795,0.17725493959218516,0.4522866803373521,
2022-07-03,,,,,,,,,,,,,,,,,0.45712134118520553,0.46463014918472784,0.6941370981766619,0.5786867630367624,0.8322785171069711,0.4743854360429793,0.19993415435651046,0.4897322881248155,
2022-07-04,,,,,,,,,,,,,,,,,0.528627239039289,0.4688647726649547,0.7157161764463227,0.556282358619167,0.8254841680275526,0.41746822252328897,0.21949845120976186,0.4543488911293759,
2022-07-05,,,,,,,,,,439.45,,23900000000000.0,30500000000000.0,30500000000000.0,,17398337521.57143,0.5310011729025838,0.46528819397912813,0.6967453906805398,0.5708986747022845,0.7694292830722188,0.3430183247679747,0.188735348663737,0.36742228837952046,
2022-07-06,,,,,,,,,,436.8,,23900000000000.0,30500000000000.0,30500000000000.0,,15931995699.285715,0.5925586764695545,0.49231260901027796,0.5649483520560411,0.5858302882963289,0.8356445758746881,0.35672850945590917,0.21343180808096793,0.42828374718038875,
2022-07-07,,,,,,,,,,435.32,5.3,23900000000000.0,30500000000000.0,30500000000000.0,,14184506187.142857,0.6533746205349077,0.5039040062894946,0.6331249684499298,0.6054804777237558,0.881361590299904,0.2763700939948713,0.21940633017178462,0.3494535027073597,
2022-07-08,,,,,,,,,,433.69,,23900000000000.0,30500000000000.0,30500000000000.0,,15035091623.714285,0.5864192412951462,0.5351011379416557,0.605565466660189,0.583199331713904,0.7966131212887408,0.3703088393070868,0.29286247141419797,0.4739290402140381,
2022-07-09,,,,,,,,,,,,,,,,,0.5150805131739741,0.470539654706862,0.6303074154145053,0.5235245482289571,0.83418131368181,0.4964929274863717,0.24787737370677718,0.40368166541328926,
2022-07-10,,,,,,,,,,,,,,,,,0.5003162107865639,0.4649556259603471,0.6278880911179581,0.4899030349038427,0.8079122403032456,0.3544203260410144,0.21054346971992194,0.3514722902160799,
2022-07-11,,,,,,,,,,435.8,,23900000000000.0,30500000000000.0,30500000000000.0,,16288824524.571428,0.53028167206291,0.4829690757478171,0.5907956550098308,0.5535953568656707,0.8613774174262278,0.5429975707455795,0.24531438476281103,0.4767351328930805,
2022-07-12,,,,,,,,,,436.49,,23900000000000.0,30500000000000.0,30500000000000.0,,15937405345.0,0.5320628964741433,0.5247503283587447,0.59345822761024,0.6178000184048033,0.8618671810113283,0.47480904757016934,0.22745118486272858,0.46098112861630425,
2022-07-13,,,,,,,,,,437.21,,23900000000000.0,30500000000000.0,30500000000000.0,,13472866537.857143,0.5303645706966778,0.42669521379014563,0.5707594209372013,0.5655856966902272,0.8510439879560983,0.36937080921834675,0.17991653647100372,0.4361910522567062,
2022-07-14,,,,,,,,,,435.93,5.51,23900000000000.0,30500000000000.0,30500000000000.0,,11111829159.714285,0.5412867497671479,0.4875460637566324,0.41133706971681994,0.6135360286350516,0.8664098907316012,0.42320699911342896,0.2098883679378227,0.42594837141284525,
2022-07-15,,,,,,,,,,436.83,,23900000000000.0,30500000000000.0,30533333333333.332,,12786755829.714285,0.4901930730306532,0.47203722793008507,0.7183225575345545,0.6199336060978963,0.7958435353094012,0.3736213269664182,0.21199090571861418,0.44386110958294156,
2022-07-16,,,,,,,,,,,,,,,,,0.6311992373613085,0.47627203590562983,0.7375854656230193,0.5919589869515471,0.8438040331885015,0.3556943351598544,0.2455941470286075,0.5122951352537646,
2022-07-17,,,,,,,,,,,,,,,,,0.5234922799599327,0.4493827512475002,0.5965029698540908,0.509245240303117,0.8795657722914133,0.44670625882392634,0.28195337640578805,0.5748803482338244,
2022-07-18,,,,,,,,,,435.83,,23900000000000.0,30500000000000.0,30533333333333.332,,15451815260.285715,0.666676854271594,0.5311793692864846,0.6858026096946265,0.6199101523676172,0.8583615602460368,0.35915746329760734,0.25734976197557813,0.43845662719635303,
2022-07-19,,,,,,,,,,434.68,,23900000000000.0,30600000000000.0,30533333333333.332,,14446383975.428572,0.5220081517316026,0.5240590155680965,0.7914070627380321,0.6255408023314939,0.8716038325750648,0.47148053316755695,0.27064915424318947,0.4673980197445037,0.3019446161378469
2022-07-20,,,,,,,,,,434.75,,23900000000000.0,30500000000000.0,30500000000000.0,,13219317761.142857,0.5268623407282328,0.5113576059002873,0.6459047442172825,0.625373199435012,0.8356210111956517,0.33184038663066706,0.2847573890152099,0.5135393186677031,0.3381298203705554
2022-07-21,,,,,,,,,,437.75,5.54,23900000000000.0,30500000000000.0,30500000000000.0,,13053967706.857143,0.5348504901409665,0.5012282640859729,0.8438301489017843,0.624708797627121,0.8540657180712022,0.3805634025554002,0.2402589724123841,0.4445643871519181,0.33283728114740013
2022-07-22,,,,,,,,,,440.73,,23900000000000.0,30500000000000.0,30533333333333.332,,12617402036.285715,0.5197738209126679,0.5548697860179088,0.8698714040508532,0.6018324229968358,0.8411013040140554,0.42160006586925236,0.23444385522896236,0.46338206118568,0.35272503812621236
2022-07-23,,,,,,,,,,,,,,,,,0.6335790204643995,0.4462464431890308,0.8782715178019681,0.6472901140713002,0.7999434128459266,0.5336209296334776,0.23699151216425882,0.5172286024046796,0.32027430966224263
2022-07-24,,,,,,,,,,,,,,,,,0.6066654408174528,0.4424199487475939,0.7789825525908687,0.582370815182095,0.880299317617984,0.3587700730582378,0.2655442787682182,0.46045152976648834,0.335424107701979
2022-07-25,,,,,,,,,,439.53,,23900000000000.0,30500000000000.0,30566666666666.668,,14918958236.285715,0.5366562558775455,0.549345764691657,0.7919439794900441,0.5356724636815808,0.8771253530282987,0.36441075405780315,0.26051540909778903,0.4889774290507066,0.36605843607379585
2022-07-26,,,,,,,,,,439.55,,23900000000000.0,30600000000000.0,30600000000000.0,,12827928737.714285,0.5656849465240488,0.48811014953201304,0.7037738270274768,0.5950454093485428,0.7904528105343023,0.3668545530700283,0.3097913480324765,0.4823559973303679,0.3484971703278535
2022-07-27,,,,,,,,,,439.84,,23900000000000.0,30600000000000.0,30600000000000.0,,9944477680.428572,0.6074551521170912,0.49953418074811856,0.7649721840353603,0.5733768384922904,0.8374290328720643,0.40893730646875703,0.24808488730929015,0.49213083233218125,0.343788070971945
2022-07-28,,,,,,,,,,441.97,5.3,23900000000000.0,30600000000000.0,30566666666666.668,,10091353638.714285,0.5805905861081474,0.4708606361325859,0.743938794807713,0.5935236285845602,0.8502298084562002,0.46261622955607434,0.21446588157599472,0.402525986346141,0.337853991983817
2022-07-29,,,,,,,,,,441.87,,24000000000000.0,30600000000000.0,30566666666666.668,,9890187414.285715,0.5684592997130752,0.49807848072237837,0.7253973994760904,0.6134180346390242,0.8228680047302418,0.43857386455158537,0.22160481374353388,0.5022034475175354,0.35920634304784005
2022-07-30,,,,,,,,,,,,,,,,,0.6572183333352426,0.5081607530814856,0.6889702199762894,0.5437921608041774,0.8227704010823903,0.39324226112243177,0.21027661536503317,0.4938884058351035,0.34997706118774036
2022-07-31,,,,,,,,,,,,,,,6860766588.0,,0.43351686646711163,0.4831709790863669,0.694115836032916,0.5462202457339712,0.812887174562471,0.46806875934247966,0.21330539438026247,0.43609126988962155,0.3453626685406637
2022-08-01,25900000000000.0,296276.0,5.9,820000.0,2.33,5.5,60.1,3.7,58.2,443.98,,23900000000000.0,30500000000000.0,30566666666666.668,,15011919110.857143,0.6255028102405832,0.5298362179155139,0.6973066281263632,0.5638806450432916,0.8626583368997348,0.45445493202134146,0.2459698985180243,0.4335851385287527,0.3979481714116454
2022-08-02,,,,,,,,,,440.17,,24000000000000.0,30600000000000.0,30600000000000.0,,14806043079.714285,0.5443754279528186,0.4164828661048178,0.6475307495380253,0.5484755908829033,0.8660237933261853,0.39136433807041254,0.27497638850378553,0.4661937772160272,0.38762682140228294
2022-08-03,,,,,,,,,,441.64,,24000000000000.0,30600000000000.0,30600000000000.0,,13516056578.857143,0.5567284992070808,0.5246182744967469,0.7966171037988498,0.5508452217255251,0.8199359172984193,0.3950102751328708,0.2669922636156663,0.44095725616668796,0.38728838335342575
2022-08-04,,,,,,,,,,442.54,4.99,24000000000000.0,30600000000000.0,30600000000000.0,,13423503182.142857,0.5668947129255059,0.503879840717777,0.6694612725268063,0.5487569726045657,0.8112126943770391,0.3336229454689713,0.21849251110933268,0.4486998941592764,0.30739160227119483
2022-08-05,,,,,,,,,,438.37,,24000000000000.0,30600000000000.0,30633333333333.332,,13148012925.285715,0.5725470077564392,0.5415288305245483,0.6832751373230341,0.5429099536406453,0.8298269803599029,0.47515597340532323,0.25864254070764586,0.5122535217943753,0.4125849215630732
2022-08-06,,,,,,,,,,,,,,,,,0.6367347760381229,0.5278823115740975,0.7245697942687748,0.5828435735913537,0.8646470214806626,0.4867399200541607,0.2740301080534017,0.4400045989019742,0.3490816439270477
2022-08-07,,,,,,,,,,,,,,,,,0.5446123548000598,0.5376411290493555,0.819878362389448,0.4480610672703125,0.8508995918656103,0.4158501445714013,0.2214329784834572,0.490956325832536,0.326767326530395
2022-08-08,,,,,,,,,,440.11,,24000000000000.0,30600000000000.0,30666666666666.668,,15881958997.0,0.5566509661314082,0.5365147179414435,0.7592580906987472,0.5499471780837129,0.8054348171011557,0.5148752848399032,0.24965847266055965,0.5662178820620944,0.37409236951269587
2022-08-09,,,,,,,,,,439.31,,24000000000000.0,30700000000000.0,30700000000000.0,,14508833122.142857,0.5241727487758348,0.5510358720711085,0.7446623083661961,0.5783236476409925,0.8235529870305585,0.46961861647283165,0.2788165002632053,0.45602578662981047,0.3945601003414802
2022-08-10,,,,,,,,,,439.21,,24000000000000.0,30700000000000.0,30700000000000.0,,10414033487.285715,0.6127014401445682,0.5728607572385046,0.8538281886144397,0.5822132701328698,0.848301643526312,0.5203054825335541,0.2616055352693346,0.4479414088305306,0.39957263462639664
2022-08-11,,,,,,,,,,437.0,5.22,24000000000000.0,30700000000000.0,30700000000000.0,,10095588201.142857,0.6205312425349244,0.598003618253734,0.7404508932642725,0.5603825746136986,0.8436731030041414,0.4639842679198075,0.24635989528935612,0.4712244692279349,0.378184069550102
2022-08-12,,,,,,,,,,438.05,,24000000000000.0,30700000000000.0,30700000000000.0,,9418810940.0,0.5918429125199541,0.515041337391078,0.7800317153693157,0.5324199495931281,0.810911820715995,0.48271896887088717,0.24129149841715858,0.4978116276708917,0.3909620972481114
2022-08-13,,,,,,,,,,,,,,,,,0.4777781590028066,0.5313975432918141,0.7809599007346318,0.5570441081897534,0.8677765070623172,0.5261885649813919,0.2508310667663157,0.49733384279858106,0.38590347405601194
2022-08-14,,,,,,,,,,,,,,,,,0.5863036295535727,0.4954312201646551,0.7229538055582608,0.5537396604866222,0.8587314452467806,0.5554174127171951,0.22743412031455043,0.45607244501409855,0.343925475328683
2022-08-15,,,,,,,,,,438.68,,24100000000000.0,30700000000000.0,30700000000000.0,,12490319765.0,0.609379052377731,0.5239585868020415,0.7490179667405643,0.5792763820957483,0.8462505979787818,0.47802793348041756,0.22378590332957538,0.4518703953738053,0.3732929994475252
2022-08-16,,,,,,,,,,438.6,,24100000000000.0,30700000000000.0,30700000000000.0,,13243182830.714285,0.5630010208892321,0.5456042967757972,0.6378394531030317,0.6794455533371119,0.8552226155930095,0.4733873759871269,0.26318268240476506,0.3920862674865335,0.4196339596963041
2022-08-17,,,,,,,,,,436.82,,24100000000000.0,30700000000000.0,30700000000000.0,,11590411312.0,0.5610040492716407,0.5219901633230991,0.6785831581225927,0.5273140546679237,0.8266084182509493,0.39707345720335596,0.25871969697720076,0.5298580022874693,0.3501148196265088
2022-08-18,,,,,,,,,,437.37,5.13,24100000000000.0,30700000000000.0,30700000000000.0,,11749851994.571428,0.5514485454867825,0.5230184121795456,0.7021043856690515,0.6258178919939568,0.8659415567044211,0.528067935199877,0.2576812950273317,0.43240839628516137,0.3522477067383412
2022-08-19,,,,,,,,,,435.44,,24100000000000.0,30700000000000.0,30733333333333.332,,11798723327.142857,0.5247029928948489,0.4816212866344099,0.681678505525764,0.5870963196817783,0.863541375548008,0.419813197358593,0.2535479471280354,0.49537462236806257,0.3422957839808895
2022-08-20,,,,,,,,,,,,,,,,,0.5572411664553516,0.5113894439888427,0.8112695229611535,0.5611248291783564,0.8821329882976037,0.5835713726675182,0.24068664619704683,0.4680903932275721,0.3018874871061695
2022-08-21,,,,,,,,,,,,,,,,,0.6201550954535717,0.4543967711771475,0.8714173188530502,0.5440526855364751,0.846371012732082,0.5153980785279441,0.2406296354484302,0.503276808071831,0.31094970070114275
2022-08-22,,,,,,,,,,434.42,,24100000000000.0,30700000000000.0,30766666666666.668,,14378302300.428572,0.5834710802335235,0.49443878007992187,0.7348730414689342,0.6174052875483975,0.835698983183349,0.5193176039469596,0.2278316899918345,0.45266816991283815,0.31122157225582564
2022-08-23,,,,,,,,,,433.95,,24100000000000.0,30800000000000.0,30800000000000.0,,13456648598.857143,0.5388308511595783,0.5101406791030318,0.6585153336429406,0.6412867999230194,0.8447458373414171,0.47076021337255614,0.276765993196185,0.4898609687116087,0.3368743843686299
2022-08-24,,,,,,,,,,432.86,,24100000000000.0,30800000000000.0,30800000000000.0,,11466874288.571428,0.587996333149987,0.5414707688648218,0.6555530196571095,0.6231521421421319,0.736545123760422,0.4741701569542434,0.24961596329851615,0.521119579467866,0.3190030144533967
2022-08-25,,,,,,,,,,434.47,5.55,24200000000000.0,30800000000000.0,30833333333333.332,,9993362804.857143,0.5758518349152727,0.5281731319307075,0.7268769144220769,0.5412487300600344,0.7064409438375951,0.34767222397823533,0.25391616776474496,0.4654167396069311,0.3239032008079072
2022-08-26,,,,,,,,,,434.66,,24200000000000.0,30800000000000.0,30866666666666.668,,9548825616.571428,0.5353556459562476,0.5341501075480859,0.7069205788999449,0.5632995015140204,0.7645635944463544,0.41003425401976185,0.21348846163278926,0.4732875687685466,0.33178301290320644
2022-08-27,,,,,,,,,,,,,,,,,0.48277456391841844,0.4866849735912658,0.7201127167727871,0.5919047630165782,0.7865776624464028,0.44499076635095786,0.13128255094006006,0.45993859652961017,0.29257083125208694
2022-08-28,,,,,,,,,,,,,,,,,0.5550841755342584,0.4480497340861995,0.727775788835012,0.5989610811567749,0.6988568863946921,0.4538966832587595,0.2075380619736237,0.36305269437043675,0.2772368695059682
2022-08-29,,,,,,,,,,433.37,,24200000000000.0,30900000000000.0,30900000000000.0,,12077140485.571428,0.469828474659479,0.5058605521101578,0.7583629780548731,0.610547578515574,0.8093730921662196,0.3622461056153265,0.2472311568522422,0.4968888216593362,0.3314940604720383
2022-08-30,,,,,,,,,,433.48,,24200000000000.0,30900000000000.0,30900000000000.0,,11108784824.285715,0.5533978897943456,0.5050060992216497,0.7372842014289963,0.5891101014976077,0.8539165871680823,0.47687455157847586,0.28053059042462614,0.516356991392005,0.3210617046048524
2022-08-31,,,,,,,,,,432.31,,24300000000000.0,30900000000000.0,30900000000000.0,6860770700.0,9719826616.714285,0.5740460375870734,0.5258913992308218,0.8336041308228987,0.6066954654966282,0.8713471549318998,0.45831388666385586,0.23165997948524877,0.487494413213787,0.3011119760542828
2022-09-01,25800000000000.0,296171.0,6.3,830000.0,2.56,5.73,60.1,3.5,58.6,430.13,5.66,24300000000000.0,30900000000000.0,30900000000000.0,,12416113329.428572,0.5001204541519064,0.5209415942459206,0.8091905781208181,0.6365946968752941,0.8564476560811526,0.46063325693473056,0.24450376778014113,0.4764269362598207,0.3266858079321307
2022-09-02,,,,,,,,,,431.66,,24300000000000.0,30900000000000.0,30900000000000.0,,13305070294.714285,0.4523700048305292,0.5443866232719559,0.8219818064422385,0.5520598770128208,0.7898588799383787,0.3883496554996515,0.18837245644959055,0.4191058555260482,0.3353568886772038
2022-09-03,,,,,,,,,,,,,,,,,0.5212178796454734,0.5915899277765143,0.6901075745971572,0.6680655250256126,0.8269837974510115,0.6265899431576483,0.2461368150364036,0.41986225706545965,0.3379305004606536
2022-09-04,,,,,,,,,,,,,,,,,0.4165069017803076,0.5656459615033019,0.5508842303012461,0.4998729026942082,0.8071228052086357,0.4325298154685687,0.27121165162464234,0.4948421794709515,0.33483325990280544
2022-09-05,,,,,,,,,,,,,,,,,0.6343851281471063,0.5691959089496096,0.7067020752428009,0.6332046801928681,0.8361653135783848,0.5113964023264204,0.2578737535985687,0.4868338670222972,0.30769250834304207
2022-09-06,,,,,,,,,,428.62,,24300000000000.0,30900000000000.0,30900000000000.0,,16083781934.142857,0.48048626575611364,0.5602535094302135,0.6473179224273518,0.5995242784235942,0.7961633034036023,0.39895775912302517,0.24777819279498148,0.45672972942397955,0.3550120829195578
2022-09-07,,,,,,,,,,430.56,,24300000000000.0,30900000000000.0,30900000000000.0,,15840513629.0,0.5473177008388331,0.5266699041134995,0.6108721288113171,0.6442309860243182,0.783934968680188,0.5202756507564736,0.21047204087778928,0.36967235480377214,0.3486138553441207
2022-09-08,,,,,,,,,,429.34,5.89,24300000000000.0,30900000000000.0,30900000000000.0,,15168174323.571428,0.5192629657038468,0.5177713116423333,0.6972050357482705,0.6602928200645926,0.8786555204218798,0.370013190245665,0.26187688002519394,0.45736547626239044,0.3460520096548678
2022-09-09,,,,,,,,,,429.14,,24300000000000.0,30900000000000.0,30900000000000.0,,16436516723.428572,0.5517656417979746,0.551136991815712,0.6920098291890331,0.5911473325559068,0.8312942465493948,0.4215461860973012,0.2764096045149342,0.5139708702873981,0.36091637990544767
2022-09-10,,,,,,,,,,,,,,,,,0.7514006659509331,0.4944734375004459,0.7861890130573362,0.5375842027048038,0.8612867877544679,0.49306031610051526,0.21528750766029908,0.47761316866243436,0.3221908189602287
2022-09-11,,,,,,,,,,,,,,,,,0.477925234212115,0.4989488032783491,0.7025689677707937,0.6029768337925397,0.7931526381821554,0.4704048598280627,0.2646622303953616,0.5017823850083264,0.3425075280008763
2022-09-12,,,,,,,,,,428.51,,24300000000000.0,30900000000000.0,30900000000000.0,,18635207394.57143,0.5883746843667989,0.5432646451524432,0.7199394648913245,0.6333109821326182,0.8257302272565765,0.4173702199279542,0.2751102793183046,0.43778095636629183,0.3983236638677365
2022-09-13,,,,,,,,,,427.21,,24300000000000.0,30900000000000.0,30900000000000.0,,18244102225.0,0.5127150108897304,0.46871364343225674,0.8612626907783657,0.6072370396503616,0.8404386587422552,0.3366235323996081,0.21341737668868221,0.46492017187440576,0.3070951153875626
2022-09-14,,,,,,,,,,427.09,,24300000000000.0,30900000000000.0,30900000000000.0,,23033827712.857143,0.5424576516317688,0.47840243774050034,0.6967439335661152,0.5571895161259922,0.7870613724298899,0.36655914296727016,0.237253485814408,0.45028678534472866,0.3178190870303362
2022-09-15,,,,,,,,,,426.34,6.02,24300000000000.0,30900000000000.0,30900000000000.0,,33134170743.857143,0.555588190806414,0.5005615409042593,0.8534314835397374,0.6237896254813686,0.8490577567008655,0.48449976929686833,0.2265924860257817,0.492401483084443,0.33119934325285233
2022-09-16,,,,,,,,,,426.19,,24300000000000.0,30900000000000.0,30900000000000.0,,36518566118.85714,0.5201212138853185,0.48703534527129044,0.8397864710858237,0.5825122901342119,0.8262639465156821,0.41638022588547624,0.17644275408639762,0.46236566178449057,0.3146918829401183
2022-09-17,,,,,,,,,,,,,,,,,0.5506761608137039,0.48018827441420503,0.8490137866990562,0.6383799167972039,0.7629334676240139,0.5609535224000445,0.2663546728926819,0.3556745900807657,0.31742617843250565
2022-09-18,,,,,,,,,,,,,,,,,0.45722436663912036,0.5064368293634729,0.8652688702339332,0.6833000061753797,0.8551688830633316,0.4273990919075599,0.2529315741107435,0.3356958104746585,0.29775772468928674
2022-09-19,,,,,,,,,,425.74,,24300000000000.0,30900000000000.0,30900000000000.0,,38205745968.0,0.4264994153782283,0.5063323954881568,0.7649281723717344,0.6652471756794953,0.8303509463961136,0.380608139369246,0.21286179465838534,0.43862105411407276,0.30771280979563664
2022-09-20,,,,,,,,,,424.45,,24300000000000.0,30900000000000.0,30900000000000.0,,37907997285.28571,0.507505086866855,0.514184161501041,0.6801543332839941,0.624122269653961,0.8331458936374028,0.43288864004160066,0.24440247289189965,0.4175386542303497,0.32307270161046886
2022-09-21,,,,,,,,,,425.55,,24300000000000.0,30900000000000.0,30900000000000.0,,37735466023.85714,0.5354565778072414,0.46107623506681267,0.6270992973067627,0.6857429796639298,0.8250189559925332,0.3908243558693977,0.2055874117089278,0.4039973606546418,0.28386101525159296
2022-09-22,,,,,,,,,,421.98,6.29,24300000000000.0,30900000000000.0,30900000000000.0,,37465232716.14286,0.5296146364225193,0.4771965365541884,0.6508738088999181,0.6263156912428907,0.8168832203872478,0.3616611510900625,0.2032084340820191,0.33604856705491315,0.30587091166116553
2022-09-23,,,,,,,,,,421.92,,24300000000000.0,30900000000000.0,30900000000000.0,,32453135685.0,0.4299744284815838,0.4688466789081426,0.693463180550663,0.6270135560128115,0.8489924684293756,0.35139016446298244,0.20222633794138803,0.36824794508361053,0.3407966922645191
2022-09-24,,,,,,,,,,,,,,,,,0.4898664553199798,0.44001895947263303,0.6547940205201735,0.5849593935935219,0.8355046524544734,0.397708031078825,0.19010307378319796,0.37006536305451726,0.3822817963086537
2022-09-25,,,,,,,,,,,,,,,,,0.455811079342367,0.4757311203900511,0.6945878949920478,0.5783146237745528,0.885601720870472,0.4012608541844455,0.22902418433912416,0.412468089213667,0.3517373522515063
2022-09-26,,,,,,,,,,418.56,,24300000000000.0,30900000000000.0,30900000000000.0,,21951701731.714287,0.43185413801078704,0.44662331641459496,0.7283274859815573,0.6295434090720698,0.8701647303789455,0.37260728103531876,0.19296122005811236,0.34936963831307655,0.3576564594110728
2022-09-27,,,,,,,,,,416.39,,24300000000000.0,30900000000000.0,30900000000000.0,,18247648358.142857,0.4795470771918374,0.47208884257782563,0.5793429062729102,0.624616618141588,0.8484148935911716,0.41204475193679796,0.19459601059175735,0.4080270201622194,0.4105216747889006
2022-09-28,,,,,,,,,,421.58,,24300000000000.0,30900000000000.0,30900000000000.0,,16040163247.142857,0.500531188798467,0.4513690737234346,0.8269308507583059,0.5671025742440462,0.8643221471803035,0.3861171350896455,0.24814680119315455,0.4352202897902394,0.37404609355984775
2022-09-29,,,,,,,,,,420.46,6.7,24300000000000.0,30900000000000.0,30966666666666.668,,15548308488.857143,0.5245072356308779,0.46234454679978265,0.6484221038846929,0.5792072261314818,0.7599122329484875,0.41611264070601794,0.20029633526725085,0.4454358747359942,0.2772476382042243
2022-09-30,,,,,,,,,,419.32,,24300000000000.0,30900000000000.0,31033333333333.332,6860776019.0,13711831175.714285,0.5471891379032454,0.45176488921764524,0.8529932713216257,0.6874900619747176,0.8031883044186118,0.46807945982191373,0.2366438304716996,0.41144225471217816,0.31025816099069403
2022-10-01,26100000000000.0,296808.0,6.6,810000.0,3.08,6.25,60.0,3.7,59.9,,,,,,,,0.4996394808761659,0.4982487956329752,0.8389186608005392,0.5768042083831426,0.8628679971754394,0.4808748660402031,0.22230186577710673,0.4767455988545414,0.2839762800849967
2022-10-02,,,,,,,,,,,,,,,,,0.5123971199999621,0.4310561018070219,0.8215889019802876,0.5234314336694099,0.8601616377917628,0.4412449227279239,0.14757379783661817,0.5217296091926011,0.2711724344515904
2022-10-03,,,,,,,,,,421.94,,24300000000000.0,31100000000000.0,31100000000000.0,,17695704937.714287,0.514253151408786,0.5054080088884979,0.7218411849093,0.5831954533009741,0.8025380806799389,0.4633688952679163,0.2520630506060891,0.5319137616873735,0.34805645094364834
2022-10-04,,,,,,,,,,422.19,,24300000000000.0,31100000000000.0,31100000000000.0,,16266541184.571428,0.5949835448760755,0.5125379046789788,0.70150127839108,0.5768524183142836,0.8515335744511776,0.502906762819328,0.26745647637454895,0.43224204765539054,0.3626204340362853
2022-10-05,,,,,,,,,,420.43,,24300000000000.0,31100000000000.0,31100000000000.0,,15366443502.571428,0.65050337511767,0.4949626815098284,0.6058156638965986,0.6027926509588033,0.8445514955130612,0.41116496185340945,0.2745249360331374,0.4174498743986895,0.34518624548220606
2022-10-06,,,,,,,,,,419.19,6.66,24300000000000.0,31100000000000.0,31133333333333.332,,15313737136.428572,0.5643797553906577,0.5206279453437644,0.6708387058851809,0.6342935741377382,0.8157435977807755,0.48070962075041845,0.2651183429827044,0.4119310945785322,0.3558344917449965
2022-10-07,,,,,,,,,,417.81,,24300000000000.0,31100000000000.0,31133333333333.332,,14711834410.0,0.5308907831929749,0.5178146018393339,0.8313957136890114,0.5483389722774971,0.8141349429109461,0.41300895568429324,0.2338186014854203,0.48699116335556714,0.3331685694435065
2022-10-08,,,,,,,,,,,,,,,,,0.48696501724091545,0.46854154645649976,0.8173104168805507,0.5731280721982043,0.8315375653555354,0.4639783821900493,0.1783678572077937,0.47936224840669783,0.3159972020135436
2022-10-09,,,,,,,,,,,,,,,,,0.5204828742525246,0.4804736821210014,0.7942052088641228,0.534424790860177,0.8765581482468857,0.4354750425198562,0.19990153112871042,0.4879793090065929,0.3054975761431674
2022-10-10,,,,,,,,,,,,,,,,,0.5165122710820903,0.4894360426646311,0.7773233461213033,0.6193421041166124,0.8216846517553977,0.4380862262822991,0.23826579978355625,0.46975424584442166,0.35959531692154095
2022-10-11,,,,,,,,,,416.94,,24300000000000.0,31200000000000.0,31133333333333.332,,16740678296.142857,0.49151068090132144,0.4763328293044937,0.6933881848274919,0.5616988626400979,0.8633463620892459,0.4247076147202831,0.2483938790326496,0.5301306283263447,0.3200738607460677
2022-10-12,,,,,,,,,,417.84,,24300000000000.0,31100000000000.0,31100000000000.0,,15679327417.142857,0.4963858271954568,0.45983337237822663,0.6725124047425158,0.6364852536785712,0.8309393371259579,0.42379819282149284,0.24823533598642247,0.4742113084607184,0.3397091023493272
2022-10-13,,,,,,,,,,416.01,6.92,24300000000000.0,31100000000000.0,31133333333333.332,,10974650609.428572,0.5352985852565441,0.46095111085488544,0.6490894786511251,0.5949108022967455,0.8405558158349166,0.44852761862563867,0.22983938074586535,0.43590230236166017,0.3215228954422836
2022-10-14,,,,,,,,,,415.01,,24300000000000.0,31100000000000.0,31166666666666.668,,12466601948.857143,0.5944853678668824,0.48795954501411354,0.8322862194702978,0.6458707367949712,0.8748527986515051,0.3429379995515046,0.28463883670702955,0.3991037210030368,0.34559250417559473
2022-10-15,,,,,,,,,,,,,,,,,0.6085073941783431,0.4950293548230357,0.8223088866916928,0.5506027879960155,0.8199959797432584,0.4587713506732315,0.2420366279253101,0.49359966973311153,0.3267609520580978
2022-10-16,,,,,,,,,,,,,,,,,0.5453892737151004,0.46302102861693756,0.7228269152255771,0.44963120672932483,0.8575479738054288,0.4410463558109816,0.20461703178001797,0.46189257404515877,0.31090442088780185
2022-10-17,,,,,,,,,,415.14,,24300000000000.0,31200000000000.0,31200000000000.0,,17234823105.42857,0.5386363857633406,0.49176416618501007,0.7390009160117842,0.570150484316518,0.8502409998920057,0.47077982788172856,0.2679594924048865,0.4242353204719612,0.3288206187260065
2022-10-18,,,,,,,,,,415.78,,24300000000000.0,31200000000000.0,31200000000000.0,,17964678571.857143,0.652765734377587,0.48991251084012016,0.6937429416464143,0.5693108255777259,0.8458873144075097,0.4937352798092015,0.2805968009780005,0.4908018708645454,0.33900484188139524
2022-10-19,,,,,,,,,,413.2,,24400000000000.0,31200000000000.0,31200000000000.0,,19457733935.714287,0.5412797011281898,0.49504016518908023,0.6618278958026291,0.6005654204877264,0.8045823306444511,0.4983351293490624,0.2834436342901356,0.5007359362280602,0.3106815097659298
2022-10-20,,,,,,,,,,411.28,6.94,24300000000000.0,31200000000000.0,31200000000000.0,,17136415431.142857,0.5128715308507993,0.4780528388145548,0.6528753906396646,0.5434468724359127,0.8401714016437933,0.47585871256411,0.22802659596207664,0.492981098599727,0.33321150929065235
2022-10-21,,,,,,,,,,411.23,,24300000000000.0,31200000000000.0,31233333333333.332,,17474245445.42857,0.49528501155535254,0.4806284776837145,0.7704106181313392,0.5838996278469868,0.8834135097337644,0.4109680159681774,0.2553760891372662,0.482290921368556,0.33811222573157934
2022-10-22,,,,,,,,,,,,,,,,,0.5365223131171745,0.4724140436524899,0.9011396778222833,0.49582074567896955,0.8176575020010634,0.6104750583090511,0.18273925491604906,0.5142405795363525,0.3381229734946109
2022-10-23,,,,,,,,,,,,,,,,,0.550868055200598,0.4706378375750254,0.8877372973876277,0.551005189010633,0.8555943861755541,0.4111515637613146,0.17625652767577485,0.4261148724672922,0.3117441710452929
2022-10-24,,,,,,,,,,410.77,,24300000000000.0,31200000000000.0,31266666666666.668,,19032634374.0,0.5428480072750939,0.4886222367790485,0.8643457180337345,0.610233581369386,0.8644323291970635,0.476272981843282,0.24514705286660338,0.4794903146001179,0.3357600669234284
2022-10-25,,,,,,,,,,413.66,,24400000000000.0,31300000000000.0,31300000000000.0,,17723657409.714287,0.578159122135957,0.5276578835636747,0.789596547481091,0.6333314519396933,0.8254114963748779,0.40497797979622185,0.24037389400165188,0.5022603014696532,0.3623849528604838
2022-10-26,,,,,,,,,,415.11,,24400000000000.0,31300000000000.0,31300000000000.0,,12859916367.714285,0.5918330680524833,0.5359307482579495,0.7776704657353921,0.6011570933102401,0.8030861899276232,0.4754533185410884,0.246221359752727,0.4909679215144556,0.3647315553408434
2022-10-27,,,,,,,,,,416.87,7.08,24400000000000.0,31300000000000.0,31266666666666.668,,12328205749.714285,0.5909253113311911,0.531259243398073,0.5609310876736829,0.5740078981086221,0.8217204907544461,0.4188594530169001,0.27305503056430536,0.49787114394334486,0.3398883976123475
2022-10-28,,,,,,,,,,415.52,,24400000000000.0,31300000000000.0,31233333333333.332,,11224313333.714285,0.5952167913982991,0.5483897566263572,0.5324736222228744,0.5859839776397315,0.8364590495343882,0.4899443425756948,0.30992842595571113,0.501034306861486,0.33453570214666434
2022-10-29,,,,,,,,,,,,,,,,,0.6725517534564309,0.5300438757518204,0.5629541469369407,0.5547654445421896,0.9045488671550196,0.46097488776134876,0.19748931139420556,0.4327586816628312,0.3273828372564919
2022-10-30,,,,,,,,,,,,,,,,,0.4631768042045712,0.4976824633687984,0.6470936824671364,0.6170551321824398,0.7743709428505844,0.3618161291354321,0.18755264148066605,0.5080175249579765,0.3148462575171806
2022-10-31,,,,,,,,,,414.34,,24400000000000.0,31200000000000.0,31200000000000.0,6860782626.0,14271211544.714285,0.4998990360652512,0.5084102943390588,0.8004076717931351,0.5988822710522642,0.8727826430460056,0.46083942632957003,0.272758780572288,0.5043046015357757,0.3245819163387815
2022-11-01,26200000000000.0,298012.0,6.3,800000.0,3.78,6.95,59.9,3.6,56.8,414.7,,24400000000000.0,31200000000000.0,31200000000000.0,,15867872909.857143,0.6257530951739485,0.5367557528002136,0.7857154033550547,0.5450649970733762,0.8663455479405245,0.4444603869718978,0.30698453775728807,0.4501395439281614,0.3400802474391566
2022-11-02,,,,,,,,,,414.18,,24400000000000.0,31200000000000.0,31200000000000.0,,14676198412.571428,0.566111156470021,0.5338792087598018,0.6628803212525894,0.6168202933637343,0.8765139064510112,0.40213464022632817,0.2472247171119257,0.38951829925874054,0.3129070744916758
2022-11-03,,,,,,,,,,412.96,6.95,24400000000000.0,31200000000000.0,31200000000000.0,,14613265131.714285,0.5948122005267781,0.4991797749395639,0.7551044459729533,0.5779334890571999,0.8282235951220592,0.364773559721458,0.23592818506192892,0.4686344801902952,0.32563340653127953
2022-11-04,,,,,,,,,,412.25,,24400000000000.0,31200000000000.0,31233333333333.332,,14100273931.428572,0.6761635481202386,0.5075479484556714,0.8496808065785829,0.5832143792152402,0.8092523890946274,0.378440009386439,0.23264913949290747,0.40566661413089694,0.3623370023707262
2022-11-05,,,,,,,,,,,,,,,,,0.6038105227795089,0.5374881098683725,0.8748364775162895,0.48671555118131515,0.8461157696299265,0.42042516130101737,0.2803013313305755,0.3960107616962838,0.3228231295377566
2022-11-06,,,,,,,,,,,,,,,,,0.49706884482374125,0.5519314118705455,0.873149336740584,0.5348654393430651,0.8298475255992204,0.5530128541466968,0.28703423580215887,0.40164185819277626,0.3079709389030419
2022-11-07,,,,,,,,,,411.21,,24400000000000.0,31200000000000.0,31233333333333.332,,16009703453.714285,0.5866685285126046,0.5390905621933626,0.7979271972489961,0.5763893845110902,0.8388546510341505,0.5099747916974204,0.29741546086659365,0.45854420364740667,0.3567466717047237
2022-11-08,,,,,,,,,,412.73,,24400000000000.0,31300000000000.0,31266666666666.668,,14859929658.0,0.6405760067899277,0.5565696962847659,0.857209276968205,0.6320145384707301,0.8357888387544282,0.44643303166912557,0.25582569522615484,0.45177403458658866,0.3670431488466891
2022-11-09,,,,,,,,,,413.56,,24400000000000.0,31200000000000.0,31266666666666.668,,12578924332.0,0.5819363997021475,0.5696138792200368,0.8057411295601411,0.6251633416015758,0.8662529289272456,0.4813203638896219,0.26493433624624424,0.4531563926830773,0.379725427518613
2022-11-10,,,,,,,,,,419.31,7.08,24400000000000.0,31300000000000.0,31300000000000.0,,10732968833.571428,0.6086908333065617,0.5613144325276809,0.748965820187345,0.6072210051975215,0.809624436783404,0.4670546380568587,0.26511138647667465,0.46312988275473105,0.41126133590889113
2022-11-11,,,,,,,,,,,,,,,,,0.6303921273789546,0.5411955021781293,0.9097275629040895,0.6098928903757166,0.7894920778041996,0.5175648403357449,0.196655247775896,0.45130867505646227,0.3955456970949689
2022-11-12,,,,,,,,,,,,,,,,,0.6629302260550877,0.5623486775636168,0.8789946985010966,0.5102361411264342,0.8349546312072943,0.5184900051744701,0.2316003044660129,0.4104934817079622,0.38205667817069316
2022-11-13,,,,,,,,,,,,,,,,,0.6503658106930303,0.5305248052883781,0.8403577557673497,0.4497628786718848,0.8861441582140326,0.4054539871133759,0.2261183589463992,0.60274138807024,0.36383956132903905
2022-11-14,,,,,,,,,,418.44,,24400000000000.0,31300000000000.0,31300000000000.0,,13033920411.571428,0.6612059335928606,0.546283430900574,0.6799159707436279,0.561959640136959,0.8652905977385891,0.6600421900410174,0.21164894863336775,0.42832040193900456,0.4342035443794851
2022-11-15,,,,,,,,,,420.39,,24400000000000.0,31300000000000.0,31300000000000.0,,13527478840.428572,0.5954416651175556,0.5329502402988261,0.6681624081218858,0.6341933675666296,0.8202628680333013,0.5242072838330218,0.24182136216062985,0.3497071668603992,0.41892850908842677
2022-11-16,,,,,,,,,,422.43,,24400000000000.0,31300000000000.0,31300000000000.0,,15290054086.0,0.5085882317201417,0.5036630387011678,0.7149557689741209,0.6041317507589686,0.8516693084505824,0.5348786925482281,0.2323879528968749,0.3896310009006834,0.3263797286841986
2022-11-17,,,,,,,,,,420.75,6.61,24400000000000.0,31300000000000.0,31300000000000.0,,13335617150.285715,0.5812952705033818,0.506621202744681,0.7643157757672584,0.5011225739193884,0.8670897318117988,0.5122280427084651,0.21658064309173058,0.39048782980392344,0.37450720566332907
2022-11-18,,,,,,,,,,419.77,,24400000000000.0,31300000000000.0,31300000000000.0,,14341792941.142857,0.5615824026962692,0.5085073342817347,0.8466895589618386,0.5853542312666652,0.8207486641943176,0.4406819766574416,0.2755617128914736,0.34690766900005915,0.3659452859047595
2022-11-19,,,,,,,,,,,,,,,,,0.5603243153180442,0.5158151462167216,0.8726429105419842,0.522256059421511,0.8617021643752423,0.4211519284584757,0.26345760580977384,0.3496009597564408,0.339115519823771
2022-11-20,,,,,,,,,,,,,,,,,0.537468776183798,0.48886422636456905,0.7880518302551146,0.5104189723604066,0.8501629423879006,0.627254818410692,0.2526521349328547,0.38336099473885477,0.3935016230224363
2022-11-21,,,,,,,,,,419.94,,24400000000000.0,31300000000000.0,31300000000000.0,,15619232424.714285,0.5745701503434908,0.5358566732440466,0.7704824276080533,0.6323661729664755,0.8784045462050262,0.5365596154244722,0.27671447386734593,0.4175405323300681,0.4089558622551662
2022-11-22,,,,,,,,,,421.31,,24500000000000.0,31300000000000.0,31333333333333.332,,15020104104.571428,0.6551686139983618,0.5350366609515643,0.6851937381395062,0.6289453330332369,0.8909307028547516,0.6376047859323961,0.30012813348143585,0.5063245177005861,0.39832194732755977
2022-11-23,,,,,,,,,,422.95,6.58,24500000000000.0,31300000000000.0,31366666666666.668,,12461313721.857143,0.6298264196672448,0.5699077726835651,0.8875524677823821,0.5854825198500725,0.8466491112531618,0.5526972451491696,0.2963707435455926,0.4544456333171395,0.39898333578128986
2022-11-24,,,,,,,,,,,,,,,,,0.6029530707585474,0.5429615965971134,0.7730559293450026,0.646569613396773,0.8162342939727514,0.5942992349054758,0.3040996265556376,0.518739098278114,0.38837408988250344
2022-11-25,,,,,,,,,,423.27,,24500000000000.0,31400000000000.0,31400000000000.0,,12899856127.571428,0.5951014486847283,0.5558354915096829,0.7990817172061117,0.651425696259842,0.8787987500730983,0.5033288640889025,0.3762021464616189,0.5325373899453428,0.38843275030152014
2022-11-26,,,,,,,,,,,,,,,,,0.7333207295834308,0.5249866368184166,0.7844359534918639,0.5669325636006957,0.8879605388639369,0.476482244929941,0.24490701632284895,0.46414436568958384,0.4035650048809221
2022-11-27,,,,,,,,,,,,,,,,,0.5601725318746238,0.5091411821330086,0.8305052662666621,0.6059514146073942,0.7338686981605209,0.5329633492050939,0.30256886038996156,0.3528405195109964,0.40840933646883
2022-11-28,,,,,,,,,,423.25,,24500000000000.0,31400000000000.0,31400000000000.0,,12736315758.714285,0.609473300853113,0.5383550005363199,0.7633947024573113,0.5796571447409058,0.8610698604152671,0.5352115559333193,0.30496530255972554,0.4329211729301727,0.386987893412179
2022-11-29,,,,,,,,,,422.15,,24500000000000.0,31400000000000.0,31400000000000.0,,12708104575.142857,0.583862596358261,0.5384980066151127,0.7005552463967284,0.6023504726370396,0.8553130466793426,0.5079045308467794,0.30718922230649287,0.5607597552981327,0.3647094340218366
2022-11-30,,,,,,,,,,424.03,,24600000000000.0,31400000000000.0,31400000000000.0,6860793788.0,12976112406.428572,0.6257453157326417,0.575462742608088,0.5692287503993186,0.6109311906605778,0.8380674633837313,0.5603087473824913,0.29274716480550533,0.5370475937761664,0.39997616197257296
2022-12-01,26100000000000.0,297711.0,6.0,780000.0,4.1,7.27,60.1,3.5,59.7,427.6,6.49,24500000000000.0,31400000000000.0,31400000000000.0,,13206955300.571428,0.5887506212303782,0.5464348170212644,0.5967122651226202,0.6024672766810674,0.8665459477748312,0.5135619207554425,0.24443255335528724,0.4218562779674239,0.4075517270596941
2022-12-02,,,,,,,,,,428.55,,24500000000000.0,31400000000000.0,31366666666666.668,,14760453234.0,0.620059744009314,0.5406766861936204,0.6809957489258156,0.5764442207830425,0.8286832754277572,0.4717421371796436,0.2860720979817583,0.5065234704634517,0.4104820328904266
2022-12-03,,,,,,,,,,,,,,,,,0.6037589637123323,0.5343421221954437,0.7649904505867189,0.5448196512165586,0.8643517762623657,0.4806542637520432,0.20661957107850454,0.4818214263244017,0.3576463957160195
2022-12-04,,,,,,,,,,,,,,,,,0.4867303666484014,0.540811181766969,0.7268773301047452,0.5922819309299403,0.7920282999744451,0.49322716518998133,0.29256357300640634,0.39053976249571476,0.360440412218006
2022-12-05,,,,,,,,,,426.09,,24500000000000.0,31400000000000.0,31333333333333.332,,15714399374.714285,0.5531174125133785,0.5312513858332589,0.7246471529213337,0.6860136343114649,0.8590337926898753,0.5362176462516253,0.2975199804898949,0.5390311789264355,0.3836878186569624
2022-12-06,,,,,,,,,,427.63,,24500000000000.0,31300000000000.0,31300000000000.0,,14671028196.142857,0.599796223995226,0.5669521972530548,0.6552007505409579,0.5595254788744054,0.8322505209320393,0.5406321012740065,0.2993860019772118,0.4965885587863465,0.40583374994952787
2022-12-07,,,,,,,,,,430.44,,24500000000000.0,31300000000000.0,31300000000000.0,,13651943347.714285,0.5315110690450185,0.5615196600711204,0.645208302767826,0.6632205196217172,0.8564467084544723,0.45713032935651926,0.267924115834694,0.5167382321550164,0.40759279327381875
2022-12-08,,,,,,,,,,429.3,6.33,24500000000000.0,31300000000000.0,31300000000000.0,,13708531360.714285,0.5570793082684379,0.5409623750056607,0.8717953725152993,0.6128391808251339,0.8372294516715653,0.4812013272442955,0.26109362056675556,0.46468344631361935,0.3843930293436872
2022-12-09,,,,,,,,,,427.09,,24500000000000.0,31300000000000.0,31300000000000.0,,14068557631.714285,0.5624460433595696,0.5626525927427113,0.6541185639758568,0.5539304010313422,0.8980997877039839,0.4727593606080138,0.2854119924081088,0.43098744303348535,0.42230038413285786
2022-12-10,,,,,,,,,,,,,,,,,0.6360245863257155,0.4860211736509493,0.7941942348462738,0.5745342082987962,0.8459114588872376,0.4918406585724764,0.2325511101181588,0.3944488782840923,0.37149364085205105
2022-12-11,,,,,,,,,,,,,,,,,0.5010062475222917,0.48895947286983293,0.7801809455246812,0.611108482652916,0.8315611200158696,0.47272536453956565,0.269317126035116,0.4908775564470156,0.3793276214575896
2022-12-12,,,,,,,,,,426.96,,24500000000000.0,31300000000000.0,31300000000000.0,,15328416106.571428,0.5728741058921328,0.5187445271186844,0.7305997959956295,0.6701258094870488,0.8357665549571243,0.43462902067594344,0.28278235484284736,0.4894750287831278,0.4120652141363736
2022-12-13,,,,,,,,,,429.18,,24500000000000.0,31300000000000.0,31300000000000.0,,14900532070.714285,0.5946634114636333,0.5213678097110337,0.7120731294876208,0.6184076096157514,0.8354344761432912,0.5022439854110182,0.3019625782389659,0.44987974292672506,0.4130947622330809
2022-12-14,,,,,,,,,,429.95,,24500000000000.0,31300000000000.0,31300000000000.0,,17062693645.571428,0.5982398235889256,0.5161529415951613,0.912542108065029,0.6653894293776339,0.8553152651901097,0.4406131354806439,0.2971954137813665,0.4529621114457341,0.42605453345752203
2022-12-15,,,,,,,,,,430.31,6.31,24500000000000.0,31300000000000.0,31333333333333.332,,27106167843.142857,0.6004886225286239,0.47793978557702227,0.5576121568930151,0.6871642437980968,0.8818656029172869,0.36505175955286395,0.22593569931309784,0.45463304979749647,0.3542155863468834
2022-12-16,,,,,,,,,,429.64,,24500000000000.0,31300000000000.0,31333333333333.332,,29231290075.42857,0.577905585932191,0.49541624497524905,0.6794122144347343,0.6385008791771314,0.8558513880863403,0.4020233377625373,0.24243020921984643,0.5220229977102585,0.33912164457138505
2022-12-17,,,,,,,,,,,,,,,,,0.5738892592988425,0.4923196149269055,0.7678394395208313,0.601524570427822,0.8311073977446023,0.39597180734107096,0.1985225151771929,0.45037001733524484,0.33069378929076754
2022-12-18,,,,,,,,,,,,,,,,,0.44863497482573894,0.5075683922044874,0.7424949842577925,0.5500475225960245,0.8850902380319657,0.5001512105063426,0.23019098974462043,0.44170769917426117,0.35187840084750976
2022-12-19,,,,,,,,,,427.61,,24500000000000.0,31400000000000.0,31333333333333.332,,32532812668.57143,0.5522994005077279,0.535746012541398,0.77727975231,0.6364442867539146,0.809163185786792,0.5229924615536834,0.28982860039478586,0.4165449786716551,0.4026360087210697
2022-12-20,,,,,,,,,,425.79,,24500000000000.0,31300000000000.0,31300000000000.0,,31460668121.57143,0.5388166385614392,0.52979871023177,0.6670190269146055,0.6057843683335645,0.8810060672624335,0.4216386855393107,0.2438617365938726,0.4488905877477185,0.3598890245025258
2022-12-21,,,,,,,,,,426.18,,24500000000000.0,31300000000000.0,31300000000000.0,,30304850652.285713,0.6717983438119515,0.5617552949564943,0.5696509693944349,0.5656843538507397,0.872387892316727,0.5516839351061029,0.3065054345437778,0.510476385636621,0.38932403876894534
2022-12-22,,,,,,,,,,425.93,6.27,24500000000000.0,31300000000000.0,31300000000000.0,,29936074283.857143,0.6161185311350008,0.5052933553977567,0.7033549060156047,0.5853612731723716,0.8705815317076646,0.4981768362917398,0.27089815502717973,0.4674051071792456,0.368390295776755
2022-12-23,,,,,,,,,,424.43,,24500000000000.0,31300000000000.0,31300000000000.0,,27373393022.0,0.5606545413496041,0.5275574535529188,0.7798017031882553,0.5643544352377595,0.8042846957019335,0.3796441154428241,0.29650811368958346,0.45819692469937806,0.3536996792304155
2022-12-24,,,,,,,,,,,,,,,,,0.6160501308575176,0.49549628661047873,0.8426919746330466,0.5418314998221989,0.7730230399828995,0.4258917295949308,0.2917010492710559,0.3568957968928742,0.3765625661880252
2022-12-25,,,,,,,,,,,,,,,,,0.6090390775838573,0.5479723016841499,0.918692194544581,0.6018569912646304,0.9264837487039018,0.5152853838858613,0.24962378898057686,0.383539226527828,0.3971467810387757
2022-12-26,,,,,,,,,,,,,,,,,0.6507295774915904,0.5132211885990504,0.769525253090979,0.5974602086809618,0.8401575954889836,0.4252512600070986,0.2724593106629823,0.3571118833491763,0.3854447905674716
2022-12-27,,,,,,,,,,422.35,,24500000000000.0,31300000000000.0,31300000000000.0,,21148469249.857143,0.5757794521702475,0.5298503246822542,0.7051869858732112,0.5904019662791926,0.7986698234441035,0.49980981060737967,0.3113591231161516,0.41753390145493485,0.40538117035401733
2022-12-28,,,,,,,,,,421.81,,24500000000000.0,31300000000000.0,31333333333333.332,,18762628300.0,0.5790585011831237,0.5311364860472734,0.8271968872533677,0.6226261308659298,0.8778626751419972,0.38073571843289106,0.2685104504849749,0.5346831123279122,0.3705366559155813
2022-12-29,,,,,,,,,,422.85,6.42,24500000000000.0,31300000000000.0,31366666666666.668,,17620168861.57143,0.6437110213060022,0.532966070815311,0.693920354920418,0.6103650328126309,0.8400090318415802,0.5854838865058561,0.3322669492599884,0.4578898617493793,0.39360458219387473
2022-12-30,,,,,,,,,,421.61,,24500000000000.0,31400000000000.0,31400000000000.0,,20229215199.857143,0.5090828153610932,0.5026395023420802,0.7231132506306512,0.566050585187942,0.8649233190739938,0.546474225920321,0.2961285023840243,0.46928665035091033,0.3749615950273071
2022-12-31,,,,,,,,,,,,,,,6860795665.0,,0.569381575327198,0.5278686915780775,0.8268028274511202,0.5753371533904826,0.8650449937165446,0.6020067823303245,0.22996197294199391,0.4324031716191265,0.3448744540649554
2023-01-01,26300000000000.0,296797.0,5.7,750000.0,4.33,7.5,60.2,3.4,64.9,,,,,,,,0.5581527281320486,0.49235566076926274,0.7137906414733001,0.6038637720829372,0.9457806646487332,0.532306649170647,0.220038460677941,0.4641678097790782,0.34893956913918245
2023-01-02,,,,,,,,,,,,,,,,,0.5767463427488243,0.49953737619735106,0.8035598874970676,0.6199570669321209,0.8920869517757318,0.5274259078469792,0.24308253063048224,0.418907431858467,0.34974886692772095
2023-01-03,,,,,,,,,,423.71,,24500000000000.0,31400000000000.0,31400000000000.0,,25613699866.42857,0.6220877266287508,0.5054702568111542,0.8782873158917389,0.5643338060753004,0.8311363789050763,0.5425634045240336,0.2828372371138322,0.37185433709767796,0.3471429840619596
2023-01-04,,,,,,,,,,425.49,,24500000000000.0,31400000000000.0,31400000000000.0,,25801250984.714287,0.5820143245714636,0.5105274078574265,0.8214939585047641,0.6162555104689971,0.8454175841879902,0.5221096885689994,0.2650675946927897,0.4614949847910414,0.36417111653353595
2023-01-05,,,,,,,,,,425.19,6.48,24500000000000.0,31400000000000.0,31400000000000.0,,25873862693.42857,0.5998369311717963,0.5136305946259785,0.727271569929432,0.6140917737205593,0.856391708267241,0.47816408150123063,0.24176950244671808,0.4648736673694961,0.3725520211158115
2023-01-06,,,,,,,,,,428.56,,24500000000000.0,31400000000000.0,31400000000000.0,,23080964034.142857,0.5735171817684085,0.5320575255266078,0.7530405642396787,0.6411510400131241,0.8395962971298353,0.4630290431891001,0.2726235027037983,0.5212263823365956,0.3726008762328017
2023-01-07,,,,,,,,,,,,,,,,,0.6300929571734869,0.536326063899866,0.7866422159440546,0.536512683631079,0.8735179721282127,0.5860663237441723,0.2765985339909124,0.40344568789345786,0.35549553926768795
2023-01-08,,,,,,,,,,,,,,,,,0.6472461681377237,0.5305700984753872,0.7499018642967249,0.5996539954429579,0.8361321543557912,0.4330206255368591,0.23775670617280836,0.4409320178504516,0.3448203083547415
2023-01-09,,,,,,,,,,429.5,,24500000000000.0,31400000000000.0,31400000000000.0,,24930038018.285713,0.5761793550238353,0.5468936609637887,0.7706237757028742,0.6522707657448711,0.856821232664565,0.46723526999206877,0.3235177853748594,0.4608465640644329,0.38495322265124593
2023-01-10,,,,,,,,,,427.79,,24500000000000.0,31400000000000.0,31400000000000.0,,23008423733.285713,0.677387168556838,0.5174947212622327,0.795064014850388,0.6234695171463813,0.848279691585115,0.45296529586886847,0.3255917025575704,0.4417581404193853,0.3664185275284762
2023-01-11,,,,,,,,,,429.57,,24500000000000.0,31400000000000.0,31400000000000.0,,21920668709.0,0.6110864678616723,0.5239509051555995,0.832789584718503,0.6157281963965697,0.8524644032453738,0.5211683324306129,0.28918368236232805,0.38438434042530534,0.3953869057848043
2023-01-12,,,,,,,,,,432.15,6.33,24500000000000.0,31400000000000.0,31400000000000.0,,14823493607.0,0.6103451652221563,0.5348520414046565,0.755057298811658,0.6717080988712444,0.8548505531816627,0.4812866988490604,0.33737531829192374,0.4927646742470563,0.43277051731951555
2023-01-13,,,,,,,,,,430.81,,24500000000000.0,31400000000000.0,31400000000000.0,,16918935625.571428,0.6192906562745644,0.5474084155266038,0.8849192626785838,0.640739826662234,0.7946619560322833,0.4994436330603276,0.37516503275282165,0.39757249510773657,0.4189476475426962
2023-01-14,,,,,,,,,,,,,,,,,0.5662863447480021,0.5091241435454391,0.8498125404122955,0.570908495527009,0.8689486908307289,0.5766166108542786,0.29106162466983143,0.37124665930430434,0.43249131297562476
2023-01-15,,,,,,,,,,,,,,,,,0.614677767097884,0.5194009818431897,0.7162463533487343,0.6011693635493671,0.8452046424016113,0.3543053091011217,0.26177019602049795,0.4361787824952627,0.46817005604156475
2023-01-16,,,,,,,,,,,,,,,,,0.6779029712966778,0.5494523187728366,0.7105260659299713,0.5930484928862966,0.8662074109332779,0.46211289878477135,0.3222182101602254,0.46501999036572694,0.42164064487956454
2023-01-17,,,,,,,,,,430.42,,24500000000000.0,31400000000000.0,31433333333333.332,,25281759215.714287,0.5962537570807984,0.5449584940197006,0.7688368690073858,0.6086781894449924,0.8714602053858693,0.45639156422385013,0.26927969040433863,0.3733094370878214,0.4120026687027056
2023-01-18,,,,,,,,,,433.88,,24500000000000.0,31400000000000.0,31466666666666.668,,26101463400.57143,0.6283052990901123,0.5443948127363711,0.7687723782679841,0.6271737365089617,0.840960660463552,0.49592065899475307,0.3068649562564645,0.3915777025959497,0.3981309982646479
2023-01-19,,,,,,,,,,433.1,6.15,24600000000000.0,31500000000000.0,31500000000000.0,,25849939059.57143,0.5725960627464535,0.5095365136124128,0.8622285142881664,0.6264925614959813,0.85131231328836,0.4915134093603674,0.27400504240399404,0.4297172830792709,0.3556671107374499
2023-01-20,,,,,,,,,,431.19,,24600000000000.0,31500000000000.0,31500000000000.0,,27484838531.714287,0.6732100028868775,0.5129451903835892,0.7390337986042635,0.6231281957626287,0.7818426673435493,0.5277537043196948,0.27051798225462553,0.41897042817931246,0.36299947176884634
2023-01-21,,,,,,,,,,,,,,,,,0.7314387415167384,0.5211002956999116,0.7730853162297429,0.5402475596650266,0.849253448284694,0.45674283550099565,0.25361315763281506,0.45989830287494526,0.34077036066202465
2023-01-22,,,,,,,,,,,,,,,,,0.59425168984809,0.4676408109976023,0.7454420488882426,0.5034568021245167,0.7701916669907033,0.5025537911418725,0.25265934979067767,0.44859570850614156,0.3237115685372817
2023-01-23,,,,,,,,,,430.33,,24600000000000.0,31500000000000.0,31500000000000.0,,29397431388.42857,0.6085139593849315,0.5182801641938346,0.7544906024610072,0.6161827524378125,0.7913296580278294,0.49800396587750106,0.2775019043371111,0.43950617683102117,0.38929077734555434
2023-01-24,,,,,,,,,,431.91,,24600000000000.0,31500000000000.0,31500000000000.0,,30906926293.57143,0.6498905900491395,0.5485264704904785,0.7346058478200351,0.589118540865111,0.8211719170803345,0.5107408367544731,0.3210416768382318,0.42475932359065616,0.37510432192663823
2023-01-25,,,,,,,,,,432.31,,24600000000000.0,31500000000000.0,31500000000000.0,,30498679222.42857,0.6438765501127646,0.5470864481580412,0.7195362279498415,0.6401919396616402,0.8632764068435336,0.47607438341830743,0.2679898674452079,0.41097582712089875,0.37676055264379865
2023-01-26,,,,,,,,,,431.39,6.13,24600000000000.0,31500000000000.0,31500000000000.0,,20533970593.0,0.5858308630113487,0.5681162064484631,0.8284362198629781,0.6392771561824203,0.8078843678801657,0.48044722358623404,0.3163598099677775,0.427723164365345,0.3763603267857961
2023-01-27,,,,,,,,,,431.1,,24600000000000.0,31500000000000.0,31500000000000.0,,19520689693.857143,0.6510898066956845,0.5322873204053268,0.8087629319533314,0.6406313514715233,0.8707898801685728,0.4924430494990174,0.2791420927624536,0.5781573441699123,0.39308657998320484
2023-01-28,,,,,,,,,,,,,,,,,0.6226881737753799,0.5212387363105709,0.8209259607311822,0.6014791917478679,0.8683859769762501,0.5153954669296317,0.22096348298551696,0.4916538207412892,0.4178244407191151
2023-01-29,,,,,,,,,,,,,,,,,0.5577831495504653,0.5324457401561365,0.763958508033792,0.6026365162416143,0.8535477024999284,0.5749817684215116,0.262565342252266,0.5077466599558635,0.36998852496500245
2023-01-30,,,,,,,,,,430.38,,24600000000000.0,31500000000000.0,31500000000000.0,,19394402328.57143,0.6577114369905928,0.5339828602003375,0.7553059130610379,0.582640469775093,0.8844548628420735,0.3997751672730923,0.3095285329588582,0.4911903340172219,0.38056787614954546
2023-01-31,,,,,,,,,,431.69,,24600000000000.0,31500000000000.0,31500000000000.0,6860795996.0,18056594480.57143,0.6153193134886515,0.5696229163648833,0.9040936181121393,0.6889705281342938,0.8511705627445387,0.49811802252376197,0.3475770217689637,0.4743747270399147,0.4188010985651079
2023-02-01,,,,,,,,,,433.78,,24600000000000.0,31500000000000.0,31500000000000.0,,18469737696.285713,0.5532678335429384,0.5993300313765167,0.7212336292143493,0.6861856280769032,0.873324240451443,0.5137584655282701,0.2781189748909725,0.4620771311185127,0.37551455112367954
2023-02-02,,,,,,,,,,433.85,6.09,24600000000000.0,31500000000000.0,31500000000000.0,,16750400198.428572,0.6278380786114743,0.6082626846997059,0.6602382549641493,0.6609477466697593,0.7747409859029704,0.41106886094818845,0.5400818201396169,0.4749066544388228,0.4148928527354948
2023-02-03,,,,,,,,,,430.94,,24600000000000.0,31500000000000.0,31500000000000.0,,15729282837.142857,0.5341789535620749,0.5729157712421605,0.7666796713170332,0.6376515052488835,0.8920537327747303,0.4962604802010787,0.4779447520228622,0.5510534541723081,0.38064988498680585
2023-02-04,,,,,,,,,,,,,,,,,0.6609981680017563,0.551017884164463,0.8596438262926059,0.6305378884781841,0.881397928999894,0.6001198538373892,0.3488563248533415,0.5331036389839999,0.3267795298001386
2023-02-05,,,,,,,,,,,,,,,,,0.49994432889169943,0.5763236393111107,0.8070318551412397,0.5440029289399146,0.8409937120380981,0.4500754884425184,0.3994257431888347,0.47402025852940777,0.3378876250030778
2023-02-06,,,,,,,,,,428.82,,24600000000000.0,31500000000000.0,31500000000000.0,,18665602424.57143,0.5638758006635699,0.5912245448461808,0.7490143372739612,0.6542483821346176,0.8549820800474568,0.4615434867857789,0.3663374629660785,0.5482870034045315,0.38590576531891
2023-02-07,,,,,,,,,,428.2,,24600000000000.0,31500000000000.0,31500000000000.0,,17625579912.42857,0.603801951411249,0.5632717056674629,0.7107348055312672,0.6565518710641173,0.8510707978005901,0.4578863699845899,0.29367073181288234,0.47024399692710234,0.39290272343199095
2023-02-08,,,,,,,,,,428.93,,24600000000000.0,31500000000000.0,31500000000000.0,,16058718746.714285,0.6187531147346935,0.577347669247454,0.812818148834621,0.6347898684823061,0.8292428756622666,0.6052418282231204,0.33589781282693365,0.4364928188644311,0.3882634173907384
2023-02-09,,,,,,,,,,427.63,6.12,24600000000000.0,31500000000000.0,31500000000000.0,,15412045812.714285,0.6078826449891327,0.5914839930230612,0.7744484187548202,0.6367416730124438,0.7852834644518611,0.5193306721845973,0.36142896688388276,0.4571194816084034,0.3587442213474835
2023-02-10,,,,,,,,,,426.34,,24600000000000.0,31500000000000.0,31500000000000.0,,11861181659.0,0.5611620337850673,0.567092008436268,0.7694790538258316,0.6663409719285623,0.8720819284959774,0.5235366727741382,0.32944457173563085,0.47370074055593303,0.3694111974046296
2023-02-11,,,,,,,,,,,,,,,,,0.6064811373126711,0.5452192712374221,0.7964658475399123,0.5661027971586474,0.8826201064222269,0.5437797392148888,0.2693668017297889,0.4995800098781511,0.3270851428717003
2023-02-12,,,,,,,,,,,,,,,,,0.5152434784694472,0.5261174814377617,0.8067614517889719,0.644932244568721,0.8038019983894121,0.3977930949136576,0.2828078046464019,0.41389493606821554,0.41104626098578556
2023-02-13,,,,,,,,,,427.17,,24600000000000.0,31500000000000.0,31500000000000.0,,14117920914.571428,0.5187064748744209,0.5644888066017582,0.9068466573864253,0.6402417946685928,0.8749325593109943,0.2966902581752432,0.35607379920756077,0.4481268737906109,0.35399200329565683
2023-02-14,,,,,,,,,,426.01,,24600000000000.0,31500000000000.0,31500000000000.0,,12811951268.714285,0.5456543184464172,0.5573347069139802,0.9110068984981612,0.6626128378885747,0.8575603102218071,0.5358879875243947,0.3479711518036935,0.47023988874899153,0.37712212834363
2023-02-15,,,,,,,,,,425.17,,24600000000000.0,31500000000000.0,31500000000000.0,,11608720629.142857,0.609072477275484,0.553462184908307,0.9027232465931824,0.6736601858262876,0.8424712867886075,0.4609249646539473,0.3533422495393108,0.47900276092594823,0.34582657517609205
2023-02-16,,,,,,,,,,423.89,6.32,24600000000000.0,31500000000000.0,31500000000000.0,,14029102839.857143,0.5798400186721641,0.5797532097997393,0.798514369725691,0.7057545548559161,0.8562745460553278,0.484275621719622,0.35074589130789474,0.4912754454115734,0.37608785054575866
2023-02-17,,,,,,,,,,424.91,,24600000000000.0,31500000000000.0,31500000000000.0,,14067961748.571428,0.5370633216287781,0.5637740319146615,0.7045375439102493,0.6639415505738252,0.8631850364468182,0.4560825224338143,0.3354910499154824,0.36588155540586476,0.3360196144454173
2023-02-18,,,,,,,,,,,,,,,,,0.6568980769011068,0.5525630525033508,0.7325317570361737,0.5467058153627709,0.8051167532295538,0.6060113055674131,0.23244457655315692,0.44936053224457395,0.3352316020971646
2023-02-19,,,,,,,,,,,,,,,,,0.6366677668175805,0.517608032506391,0.8195284181899019,0.6131140358045666,0.7855094285647114,0.44084944841025875,0.3319042980262553,0.53072086087158,0.3623100788004915
2023-02-20,,,,,,,,,,,,,,,,,0.631302073489868,0.5469865669875357,0.8243643269076493,0.652352280181615,0.8635904585446733,0.5305339554332966,0.29819712523086456,0.5483200034395252,0.37149111537003904
2023-02-21,,,,,,,,,,422.25,,24600000000000.0,31500000000000.0,31500000000000.0,,17781971240.285713,0.559635174927501,0.5768409085642645,0.7867506491860388,0.6538866565565236,0.8446411361497476,0.45128492974533313,0.36731281686483686,0.4632788617287232,0.4251866929839154
2023-02-22,,,,,,,,,,423.05,,24600000000000.0,31500000000000.0,31500000000000.0,,17397764283.857143,0.5403960087960864,0.607411176816599,0.7537811112695648,0.6326829741754417,0.8240411630718132,0.47006458834562226,0.303769377377396,0.40606369544304016,0.3724540344802628
2023-02-23,,,,,,,,,,424.05,6.5,24600000000000.0,31500000000000.0,31500000000000.0,,15888330495.142857,0.6185869424270775,0.5842897783691897,0.8743589667383699,0.6600772604739475,0.8101691052323431,0.46722952751096614,0.30008999127449154,0.4661817795453702,0.3437012637769906
2023-02-24,,,,,,,,,,422.15,,24600000000000.0,31500000000000.0,31500000000000.0,,16461152183.285715,0.5191285636054717,0.53329356514816,0.8358605332213667,0.6483521588872051,0.8640609997518933,0.5059412189746418,0.2905596592838175,0.3645191124544575,0.326661406816976
2023-02-25,,,,,,,,,,,,,,,,,0.5882160394378205,0.5581024921561101,0.9149166316035482,0.5523294254983612,0.7702280367914341,0.5121972793159276,0.26529530886869984,0.3789142187425005,0.343315196810608
2023-02-26,,,,,,,,,,,,,,,,,0.44428501428737616,0.5662715898187834,0.8868597864057658,0.6116169783519646,0.8659672731051261,0.4902665515358363,0.3376741192950107,0.4083059171858037,0.3429055315975796
2023-02-27,,,,,,,,,,422.87,,24600000000000.0,31500000000000.0,31500000000000.0,,17845857981.857143,0.9988110128381404,,0.8237578548691615,0.6203253226610094,0.7981188739498165,,,,0.37488077631922023
2023-02-28,,,,,,,,,,423.15,,24600000000000.0,31500000000000.0,31500000000000.0,,17046033168.571428,,,0.7039238507139438,0.6578995192242183,0.8007950955665463,,,,0.4521201698462689
2023-03-01,,,,,,,,,,421.35,,24700000000000.0,31500000000000.0,,,20962559461.142857,,,,0.5580337602400295,0.8399886424810206,,,,
2023-03-02,,,,,,,,,,420.31,6.65,24600000000000.0,31500000000000.0,,,18013744424.285713,,,,,,,,,
