Date,GDP,CPI,inflation,housing,federal_funds,bank_loan,employment_rate,unemployment_rate,consumer_confidence,bonds_price,mortgage_rates,public_debt,total_debt,debt,bonds_issued,IRS Tax,bonds_sentiment,economy_sentiment,housing_market_sentiment,taxes_sentiment,loans_sentiment,interest_rates_sentiment,recession_sentiment,unemployment_sentiment,inflation_sentiment
3/1/22,2.50E+13,283716,6.4,800000,0.2,3.37,60.1,3.6,59.4,,,,,,,,0.584778334,,0.706651276,0.676457537,0.900862166,0.501456899,0.172335015,0.541355238,
3/2/22,,,,,,,,,,460.9,,2.38E+13,3.03E+13,3.02E+13,,,0.566698323,,0.849652138,0.654129488,0.845382972,0.35449074,0.155972523,0.39321961,
3/3/22,,,,,,,,,,462.22,3.76,2.38E+13,3.02E+13,3.02E+13,,,0.581391593,,0.680140447,0.65941237,0.810151426,0.506376474,0.175050502,0.454475995,
3/4/22,,,,,,,,,,464.87,,2.38E+13,3.02E+13,3.03E+13,,,0.544414582,,0.617369273,0.659489935,0.827968694,0.452509433,0.12094317,0.566141892,
3/5/22,,,,,,,,,,,,,,,,,0.517236989,,0.657929823,0.568855596,0.83097712,0.44372584,0.184526175,0.485744811,
3/6/22,,,,,,,,,,,,,,,,,0.509254627,,0.768804429,0.569476357,0.908918582,0.404038223,0.136305161,0.367829083,
3/7/22,,,,,,,,,,463.6,,2.38E+13,3.03E+13,3.03E+13,,,0.45212074,,0.698894676,0.609996205,0.884855657,0.489942125,0.124629852,0.372800522,
3/8/22,,,,,,,,,,461.55,,2.38E+13,3.03E+13,3.02E+13,,,0.612471424,,0.662573913,0.603490838,0.813563987,0.429595382,0.131501493,0.46942119,
3/9/22,,,,,,,,,,459.94,,2.38E+13,3.02E+13,3.02E+13,,,0.597615496,,0.884215097,0.643697786,0.836453637,0.462794616,0.146764131,0.475071835,
3/10/22,,,,,,,,,,458.26,3.85,2.37E+13,3.02E+13,3.02E+13,,13909126031,0.56539176,,0.757527624,0.654301764,0.876574708,0.45935627,0.168625265,0.501725199,
3/11/22,,,,,,,,,,458.26,,2.37E+13,3.02E+13,3.02E+13,,13383080010,0.55579897,,0.670231206,0.648145564,0.892061655,0.456994446,0.118898678,0.433581078,
3/12/22,,,,,,,,,,,,,,,,,0.565412064,,0.735561558,0.585838339,0.87285285,0.820836897,0.124431162,0.355041767,
3/13/22,,,,,,,,,,,,,,,,,0.453386861,,0.714580807,0.599263226,0.923731459,0.440024994,0.165530809,0.490548881,
3/14/22,,,,,,,,,,454.61,,2.37E+13,3.02E+13,3.03E+13,,17438972428,0.535578224,0.518658763,0.719653407,0.6184009,0.810149846,0.493840891,0.138848713,0.549631172,
3/15/22,,,,,,,,,,454.47,,2.38E+13,3.03E+13,3.03E+13,,17787149049,0.543533398,0.564884265,0.710845983,0.646739326,0.810941248,0.450619596,0.129665567,0.384615818,
3/16/22,,,,,,,,,,454.59,,2.38E+13,3.03E+13,3.03E+13,,17985756394,0.598805697,0.528578741,0.890092567,0.592600644,0.789185703,0.352948854,0.141519244,0.47666624,
3/17/22,,,,,,,,,,453.73,4.16,2.38E+13,3.03E+13,3.03E+13,,18112479645,0.626122293,0.57849666,0.730720833,0.614810517,0.864300633,0.405188128,0.213951992,0.477124859,
3/18/22,,,,,,,,,,454.8,,2.38E+13,3.03E+13,3.03E+13,,18447673876,0.589992401,0.551480553,0.636138514,0.70288281,0.864585154,0.376245021,0.168456391,0.460350551,
3/19/22,,,,,,,,,,,,,,,,,0.527806125,0.602674073,0.681492504,0.533452244,0.882528769,0.399101044,0.18953169,0.481900268,
3/20/22,,,,,,,,,,,,,,,,,0.593741725,0.508548643,0.884375801,0.509604806,0.873347632,0.236504599,0.182071141,0.316707614,
3/21/22,,,,,,,,,,450.84,,2.38E+13,3.03E+13,3.03E+13,,21130755194,0.541907258,0.548028067,0.683646985,0.656528402,0.836685012,0.424367467,0.191262037,0.474442579,
3/22/22,,,,,,,,,,449.22,,2.38E+13,3.03E+13,3.03E+13,,19901626247,0.502695466,0.545998736,0.674518384,0.636898185,0.866819588,0.540505689,0.160007025,0.51124569,
3/23/22,,,,,,,,,,451.69,,2.38E+13,3.03E+13,3.03E+13,,16530555146,0.534421161,0.546693447,0.52013692,0.63468183,0.875254925,0.330349983,0.193894074,0.479739173,
3/24/22,,,,,,,,,,450.39,4.42,2.38E+13,3.03E+13,3.03E+13,,14748919068,0.480695473,0.55610359,0.667323022,0.664213964,0.866465285,0.443351533,0.151934347,0.535818852,
3/25/22,,,,,,,,,,447.44,,2.38E+13,3.03E+13,3.03E+13,,11065762675,0.494935933,0.525183726,0.634744918,0.652713979,0.835873872,0.379758639,0.154738184,0.43626735,
3/26/22,,,,,,,,,,,,,,,,,0.543387979,0.57977154,0.535159147,0.570769358,0.866173767,0.409245841,0.137962963,0.538658125,
3/27/22,,,,,,,,,,,,,,,,,0.489740857,0.484469987,0.677882654,0.628584179,0.92038776,0.436758623,0.152591148,0.375100671,
3/28/22,,,,,,,,,,448.08,,2.38E+13,3.03E+13,3.03E+13,,13591883356,0.565815524,0.536827195,0.633423134,0.621282687,0.885830428,0.366921553,0.188438516,0.453951542,
3/29/22,,,,,,,,,,449.32,,2.38E+13,3.03E+13,3.03E+13,,12619639068,0.532227238,0.577377945,0.605730819,0.589444761,0.857870098,0.458650261,0.153298548,0.354244258,
3/30/22,,,,,,,,,,450.44,,2.38E+13,3.03E+13,3.03E+13,,10967967174,0.558229599,0.519113699,0.659719066,0.604500532,0.880913595,0.608951846,0.164822234,0.368654263,
3/31/22,,,,,,,,,,450.7,4.67,2.39E+13,3.04E+13,3.04E+13,6860671759,11622276533,0.535801776,0.504972721,0.723956216,0.622313163,0.847712945,0.486208464,0.164798106,0.413743457,
4/1/22,2.50E+13,287504,6.5,825000,0.33,3.5,59.9,3.6,65.2,449.59,,2.39E+13,3.03E+13,3.03E+13,,14323634415,0.54414452,0.516946724,0.73739001,0.535846613,0.79634678,0.444500872,0.122851304,0.458634407,
4/2/22,,,,,,,,,,,,,,,,,0.572939321,0.510458681,0.828551561,0.59037797,0.868598063,0.426899222,0.164522781,0.470533796,
4/3/22,,,,,,,,,,,,,,,,,0.52962724,0.489434919,0.84062006,0.490622388,0.883231883,0.440731928,0.191723201,0.47475466,
4/4/22,,,,,,,,,,449.37,,2.39E+13,3.04E+13,3.03E+13,,18311312474,0.534156187,0.564356958,0.828784616,0.578597196,0.902218457,0.428120126,0.206163108,0.627946534,
4/5/22,,,,,,,,,,446.01,,2.38E+13,3.03E+13,3.03E+13,,18256307121,0.585815711,0.55966783,0.784714744,0.62423716,0.882632762,0.520052456,0.127417022,0.422236634,
4/6/22,,,,,,,,,,445.27,,2.38E+13,3.03E+13,3.04E+13,,17906762858,0.462421252,0.557159418,0.714302794,0.627071458,0.816395654,0.402706259,0.14285188,0.521074231,
4/7/22,,,,,,,,,,444.75,4.72,2.39E+13,3.04E+13,3.04E+13,,18329212148,0.583865928,0.526113521,0.693966724,0.567077137,0.872469358,0.436992446,0.167835861,0.430050288,
4/8/22,,,,,,,,,,443.1,,2.38E+13,3.04E+13,3.04E+13,,18615167410,0.526520864,0.570993728,0.689317479,0.614077545,0.859670835,0.437341292,0.172567426,0.535869757,
4/9/22,,,,,,,,,,,,,,,,,0.559100526,0.505686288,0.701301671,0.557344799,0.817577914,0.42355289,0.102197739,0.475732551,
4/10/22,,,,,,,,,,,,,,,,,0.467035512,0.541487324,0.636793556,0.624186659,0.908910561,0.370885727,0.221821134,0.354520289,
4/11/22,,,,,,,,,,441.78,,2.39E+13,3.04E+13,3.04E+13,,22321496240,0.485879331,0.501318719,0.633215576,0.646521434,0.847778887,0.501679916,0.149508489,0.377001982,
4/12/22,,,,,,,,,,442.97,,2.38E+13,3.04E+13,3.03E+13,,21412307080,0.465566951,0.454482743,0.745555471,0.619238865,0.917593383,0.410816651,0.149605021,0.397068586,
4/13/22,,,,,,,,,,443.4,,2.38E+13,3.03E+13,3.03E+13,,22258413236,0.534659307,0.490228553,0.706834875,0.626724998,0.843304789,0.464675755,0.178200418,0.426479355,
4/14/22,,,,,,,,,,440.61,5,2.38E+13,3.03E+13,3.03E+13,,30586049865,0.631790527,0.560422808,0.768568122,0.646264141,0.839672913,0.455605338,0.159976357,0.377455892,
4/15/22,,,,,,,,,,,,2.37E+13,3.03E+13,3.04E+13,,40033057260,0.642900714,0.573536026,0.824807079,0.640578123,0.840014669,0.29759572,0.156221963,0.41439736,
4/16/22,,,,,,,,,,,,,,,,,0.604680322,0.536130404,0.881364594,0.564818213,0.881735941,0.417893823,0.198006414,0.409022128,
4/17/22,,,,,,,,,,,,,,,,,0.707569488,0.514146771,0.687416824,0.607858961,0.884459792,0.375766578,0.167639388,0.35624866,
4/18/22,,,,,,,,,,440.09,,2.39E+13,3.04E+13,3.04E+13,,61858848378,0.505569114,0.554522287,0.688627088,0.684309023,0.878650589,0.417056125,0.129426269,0.514316165,
4/19/22,,,,,,,,,,438.25,,2.38E+13,3.04E+13,3.04E+13,,62543181931,0.550729948,0.579254864,0.660075698,0.581850485,0.828071447,0.41403413,0.173233814,0.456463983,
4/20/22,,,,,,,,,,440.43,,2.38E+13,3.04E+13,3.04E+13,,75257245066,0.562443543,0.562380255,0.633914483,0.59262613,0.89502538,0.437977626,0.15686186,0.464805685,
4/21/22,,,,,,,,,,438.88,5.11,2.38E+13,3.04E+13,3.04E+13,,75398141082,0.498384025,0.629241779,0.756465149,0.567177206,0.830252565,0.383890424,0.182575119,0.470228965,
4/22/22,,,,,,,,,,438.59,,2.38E+13,3.04E+13,3.04E+13,,73668706091,0.550308196,0.566357665,0.800458458,0.591944543,0.858284271,0.421465457,0.165676662,0.403860832,
4/23/22,,,,,,,,,,,,,,,,,0.576540802,0.522964113,0.686097083,0.581273293,0.778758458,0.501781215,0.194601103,0.423597324,
4/24/22,,,,,,,,,,,,,,,,,0.543271165,0.566731646,0.800957432,0.550375449,0.85939084,0.611292083,0.172083389,0.44521862,
4/25/22,,,,,,,,,,440.22,,2.38E+13,3.04E+13,3.04E+13,,69865128999,0.571407863,0.569951709,0.676690345,0.5496161,0.847724898,0.444756704,0.173092661,0.476795511,
4/26/22,,,,,,,,,,442.1,,2.38E+13,3.04E+13,3.04E+13,,63506649253,0.565929154,0.606179959,0.729777987,0.594830967,0.856554866,0.368212113,0.169519668,0.446535948,
4/27/22,,,,,,,,,,440.63,,2.38E+13,3.04E+13,3.04E+13,,44362129137,0.646747591,0.602429827,0.730688288,0.591210042,0.821589977,0.414347189,0.127709638,0.405711838,
4/28/22,,,,,,,,,,440.27,5.1,2.38E+13,3.04E+13,3.04E+13,,44371010417,0.595379151,0.531513805,0.752367336,0.608583933,0.857041499,0.345673294,0.125786539,0.44509957,
4/29/22,,,,,,,,,,438.46,,2.38E+13,3.04E+13,3.04E+13,,30940673890,0.572155126,0.520503857,0.602384569,0.59684818,0.81862095,0.453703709,0.140525151,0.459408655,
4/30/22,,,,,,,,,,,,,,,6860722984,,0.606693569,0.511620373,0.697993736,0.541778771,0.769319789,0.274301052,0.155211663,0.385472605,
5/1/22,2.52E+13,289109,6.2,880000,0.77,3.93,60,3.6,58.4,,,,,,,,0.591837052,0.529374185,0.706621783,0.56866217,0.836702419,0.380226095,0.145907491,0.410385731,
5/2/22,,,,,,,,,,436.53,,2.39E+13,3.04E+13,3.04E+13,,35866683952,0.519059394,0.530578748,0.734718854,0.622319248,0.838336899,0.385261237,0.224178511,0.417375016,
5/3/22,,,,,,,,,,436.92,,2.39E+13,3.04E+13,3.04E+13,,36562288654,0.610187267,0.553736528,0.735234945,0.642956754,0.886812965,0.441439814,0.153816338,0.447454385,
5/4/22,,,,,,,,,,438.56,,2.39E+13,3.04E+13,3.04E+13,,34035610159,0.585359244,0.571087801,0.737046909,0.551120895,0.764204469,0.399728829,0.189962782,0.393170578,
5/5/22,,,,,,,,,,435.59,5.27,2.38E+13,3.04E+13,3.04E+13,,29525472410,0.47429029,0.531982952,0.726124305,0.556324065,0.744564657,0.389066752,0.136909454,0.469113208,
5/6/22,,,,,,,,,,433.96,,2.38E+13,3.04E+13,3.04E+13,,27635715367,0.58779825,0.554927322,0.680110656,0.621379356,0.828456742,0.365749928,0.16122681,0.548841894,
5/7/22,,,,,,,,,,,,,,,,,0.540841033,0.546284283,0.830044146,0.579233085,0.827800913,0.404034564,0.194690892,0.453665565,
5/8/22,,,,,,,,,,,,,,,,,0.608551656,0.569918283,0.80284627,0.516421282,0.837807719,0.393971013,0.158675227,0.396265475,
5/9/22,,,,,,,,,,436,,2.38E+13,3.04E+13,3.04E+13,,28195144777,0.496290654,0.531169701,0.607648795,0.569505701,0.802639912,0.432010772,0.165139005,0.509660823,
5/10/22,,,,,,,,,,436.75,,2.38E+13,3.04E+13,3.04E+13,,25049864284,0.562780538,0.597453531,0.634228288,0.561212016,0.823744164,0.382693081,0.146257352,0.39480557,
5/11/22,,,,,,,,,,438.44,,2.38E+13,3.04E+13,3.04E+13,,18811944431,0.515719945,0.504126356,0.594720343,0.605249177,0.871091667,0.411769563,0.144436671,0.439165628,
5/12/22,,,,,,,,,,439.05,5.3,2.38E+13,3.04E+13,3.04E+13,,15296546489,0.53623471,0.515719827,0.551332001,0.597989206,0.879365968,0.307810481,0.139519586,0.416505355,
5/13/22,,,,,,,,,,437.46,,2.38E+13,3.04E+13,3.04E+13,,14455238100,0.546927536,0.533972228,0.536293171,0.558179023,0.803781607,0.320079198,0.168018788,0.430486185,
5/14/22,,,,,,,,,,,,,,,,,0.611545702,0.516512361,0.476713549,0.527567216,0.840942679,0.388515602,0.133206121,0.380702079,
5/15/22,,,,,,,,,,,,,,,,,0.562600595,0.524236169,0.529882575,0.651026961,0.812437802,0.361263168,0.15775444,0.400249011,
5/16/22,,,,,,,,,,438.14,,2.39E+13,3.04E+13,3.04E+13,,19002740115,0.597970001,0.51199653,0.641437999,0.623213961,0.811776755,0.397997257,0.175215678,0.370129251,
5/17/22,,,,,,,,,,435.94,,2.39E+13,3.04E+13,3.04E+13,,17677974434,0.655291058,0.535610359,0.619822088,0.558505861,0.82687445,0.366959525,0.155592782,0.445053107,
5/18/22,,,,,,,,,,438.08,,2.39E+13,3.04E+13,3.04E+13,,16167427179,0.536237873,0.477539708,0.739166509,0.601658105,0.870111354,0.343963479,0.113707565,0.432860461,
5/19/22,,,,,,,,,,438.91,5.25,2.38E+13,3.04E+13,3.04E+13,,15764148137,0.576228634,0.514993461,0.661451416,0.63756785,0.778332909,0.447441522,0.175452562,0.421552046,
5/20/22,,,,,,,,,,440.26,,2.38E+13,3.04E+13,3.04E+13,,14612166629,0.569223123,0.515850441,0.694040322,0.579097129,0.8190813,0.528210522,0.182301913,0.405408344,
5/21/22,,,,,,,,,,,,,,,,,0.618661836,0.486481145,0.723350115,0.587460539,0.881754171,0.337829659,0.146576726,0.374900682,
5/22/22,,,,,,,,,,,,,,,,,0.535813889,0.467082476,0.609464664,0.484814089,0.846883155,0.428239093,0.162698678,0.457404871,
5/23/22,,,,,,,,,,438.45,,2.38E+13,3.04E+13,3.04E+13,,16653386325,0.601511669,0.515797585,0.673748723,0.600718786,0.770796015,0.404792466,0.217304862,0.433324371,
5/24/22,,,,,,,,,,441.24,,2.38E+13,3.04E+13,3.04E+13,,15071422114,0.62435384,0.561844662,0.601345442,0.65336932,0.803662288,0.475502205,0.165109144,0.495127353,
5/25/22,,,,,,,,,,441.87,,2.38E+13,3.04E+13,3.04E+13,,10673787705,0.56634438,0.559760197,0.649881276,0.589601361,0.776014354,0.424391679,0.194179166,0.418625448,
5/26/22,,,,,,,,,,441.59,5.1,2.38E+13,3.04E+13,3.04E+13,,10531508678,0.634030137,0.540977082,0.658998853,0.618601013,0.809102671,0.441376783,0.174792098,0.438479325,
5/27/22,,,,,,,,,,441.71,,2.38E+13,3.04E+13,3.04E+13,,10126471304,0.586909316,0.533582406,0.827487035,0.6085143,0.851320868,0.491286418,0.209046161,0.396278132,
5/28/22,,,,,,,,,,,,,,,,,0.603411219,0.527165856,0.709686345,0.57076659,0.822510864,0.65024369,0.16959869,0.443999467,
5/29/22,,,,,,,,,,,,,,,,,0.605144097,0.513408464,0.74779894,0.625778786,0.875616836,0.555638566,0.183930058,0.470463897,
5/30/22,,,,,,,,,,,,,,,,,0.560103447,0.565392332,0.675468414,0.585223346,0.843405105,0.442426761,0.185703717,0.448483587,
5/31/22,,,,,,,,,,439.24,,2.39E+13,3.05E+13,3.04E+13,6860758923,13282073560,0.62279435,0.555218775,0.64586284,0.654773667,0.814245284,0.418168103,0.210547438,0.510907267,
6/1/22,2.55E+13,292296,6,900000,1.21,4.38,59.9,3.6,50,437.94,,2.39E+13,3.04E+13,3.04E+13,,15365974101,0.623942193,0.559903627,0.598698223,0.617255642,0.85582529,0.446852395,0.156379394,0.367709465,
6/2/22,,,,,,,,,,438.15,5.09,2.39E+13,3.04E+13,3.04E+13,,14573016016,0.500742642,0.507762374,0.578592364,0.602490856,0.862733333,0.401065721,0.173454903,0.412810009,
6/3/22,,,,,,,,,,437.69,,2.39E+13,3.04E+13,3.04E+13,,15523301212,0.575829873,0.482601771,0.669784812,0.631334025,0.882009038,0.473073709,0.217176347,0.489203013,
6/4/22,,,,,,,,,,,,,,,,,0.602400312,0.43935394,0.701576796,0.629913572,0.861134597,0.559966333,0.192808509,0.417120188,
6/5/22,,,,,,,,,,,,,,,,,0.487341629,0.476950154,0.741334824,0.470733549,0.807083555,0.475091938,0.184881013,0.339236731,
6/6/22,,,,,,,,,,435.44,,2.39E+13,3.04E+13,3.04E+13,,16496597666,0.587306042,0.550499039,0.626677789,0.628379744,0.872145278,0.456456892,0.200316978,0.409980282,
6/7/22,,,,,,,,,,436.53,,2.39E+13,3.04E+13,3.04E+13,,16303371076,0.570493166,0.525331545,0.652601645,0.606505936,0.803693923,0.442701098,0.173649671,0.415945784,
6/8/22,,,,,,,,,,435.47,,2.39E+13,3.04E+13,3.04E+13,,16672592319,0.566934483,0.534816861,0.607220908,0.547018291,0.807657751,0.503553763,0.148536652,0.424228181,
6/9/22,,,,,,,,,,435.35,5.23,2.38E+13,3.04E+13,3.04E+13,,13901802541,0.581335805,0.539669561,0.559174385,0.603517278,0.802521934,0.427256571,0.167056536,0.385080918,
6/10/22,,,,,,,,,,432.76,,2.38E+13,3.04E+13,3.04E+13,,12748648906,0.560408326,0.438630463,0.676898446,0.556123338,0.87704936,0.354806251,0.146955796,0.468036221,
6/11/22,,,,,,,,,,,,,,,,,0.498300786,0.420209177,0.682909234,0.557486837,0.774064029,0.416238947,0.147341883,0.437357687,
6/12/22,,,,,,,,,,,,,,,,,0.504567317,0.403561014,0.484782923,0.514493835,0.818765708,0.345060718,0.132248773,0.298459128,
6/13/22,,,,,,,,,,427.78,,2.38E+13,3.04E+13,3.04E+13,,16265252778,0.406960518,0.371960181,0.599017439,0.590416792,0.850339815,0.294263296,0.137472435,0.38064884,
6/14/22,,,,,,,,,,425.76,,2.38E+13,3.04E+13,3.04E+13,,19018818890,0.461155578,0.475085338,0.447872428,0.50995524,0.83340866,0.268464627,0.161730224,0.468372634,
6/15/22,,,,,,,,,,429.23,,2.39E+13,3.05E+13,3.04E+13,,28930432667,0.53103117,0.445304548,0.475486883,0.550959627,0.762905744,0.347612289,0.168154754,0.449593211,
6/16/22,,,,,,,,,,430.66,5.78,2.39E+13,3.04E+13,3.04E+13,,32180724502,0.46648894,0.432077721,0.718674294,0.641456083,0.766773419,0.297993677,0.342749876,0.406089234,
6/17/22,,,,,,,,,,430.73,,2.39E+13,3.04E+13,3.04E+13,,31877104910,0.576510245,0.491643417,0.731734065,0.627748071,0.84194274,0.332010881,0.366628438,0.426025877,
6/18/22,,,,,,,,,,,,,,,,,0.717531947,0.474835495,0.840586366,0.489910247,0.842384104,0.481844085,0.312581668,0.423594555,
6/19/22,,,,,,,,,,,,,,,,,0.620930493,0.296701475,0.618943981,0.507358015,0.907585646,0.332984752,0.284060135,0.419184984,
6/20/22,,,,,,,,,,,,,,,,,0.616154888,0.474586107,0.618531175,0.623618956,0.836951012,0.434427939,0.224692416,0.405728684,
6/21/22,,,,,,,,,,429.16,,2.39E+13,3.04E+13,3.04E+13,,34744945554,0.645560895,0.484251569,0.618191885,0.586887996,0.857361369,0.43138581,0.257825018,0.388829036,
6/22/22,,,,,,,,,,432.77,,2.39E+13,3.04E+13,3.04E+13,,36024360630,0.544160821,0.467558382,0.703330053,0.579722714,0.882913079,0.424188209,0.25292409,0.351919973,
6/23/22,,,,,,,,,,434.19,5.81,2.39E+13,3.04E+13,3.05E+13,,33268126931,0.544163745,0.47418984,0.671261469,0.563953409,0.816789644,0.447268557,0.235043329,0.417703171,
6/24/22,,,,,,,,,,432.87,,2.39E+13,3.05E+13,3.05E+13,,31145651372,0.557123276,0.501178306,0.714161442,0.582311265,0.820597206,0.356881911,0.257860125,0.370314911,
6/25/22,,,,,,,,,,,,,,,,,0.578109673,0.471072271,0.615285922,0.555835738,0.806679498,0.441476238,0.215906119,0.434758028,
6/26/22,,,,,,,,,,,,,,,,,0.599133844,0.473358589,0.539954288,0.567589078,0.745954463,0.340491415,0.151960643,0.421650106,
6/27/22,,,,,,,,,,431.59,,2.39E+13,3.05E+13,3.05E+13,,22032838706,0.503112724,0.507289964,0.647019255,0.632698268,0.783067366,0.518688674,0.228847924,0.360692273,
6/28/22,,,,,,,,,,431.94,,2.39E+13,3.05E+13,3.05E+13,,18820149058,0.553508798,0.494875466,0.608344526,0.606373515,0.844243352,0.447547561,0.244291556,0.442213482,
6/29/22,,,,,,,,,,434.03,,2.39E+13,3.05E+13,3.05E+13,,19060987072,0.551458998,0.468375747,0.562722799,0.573623599,0.817521533,0.373937815,0.198985933,0.349710125,
6/30/22,,,,,,,,,,435.75,5.7,2.39E+13,3.06E+13,3.05E+13,6860762763,16149293923,0.554918819,0.476400912,0.714906536,0.574260855,0.838997684,0.394781567,0.199854685,0.436261089,
7/1/22,2.55E+13,296311,5.9,875000,1.68,4.85,59.9,3.5,51.5,438.25,,2.39E+13,3.05E+13,3.05E+13,,16945345337,0.511623546,0.481864682,0.693486152,0.606112447,0.859782906,0.408627725,0.157922774,0.424530821,
7/2/22,,,,,,,,,,,,,,,,,0.553242248,0.439431466,0.750312602,0.638099709,0.814425972,0.56045837,0.17725494,0.45228668,
7/3/22,,,,,,,,,,,,,,,,,0.457121341,0.464630149,0.694137098,0.578686763,0.832278517,0.474385436,0.199934154,0.489732288,
7/4/22,,,,,,,,,,,,,,,,,0.528627239,0.468864773,0.715716176,0.556282359,0.825484168,0.417468223,0.219498451,0.454348891,
7/5/22,,,,,,,,,,439.45,,2.39E+13,3.05E+13,3.05E+13,,17398337522,0.531001173,0.465288194,0.696745391,0.570898675,0.769429283,0.343018325,0.188735349,0.367422288,
7/6/22,,,,,,,,,,436.8,,2.39E+13,3.05E+13,3.05E+13,,15931995699,0.592558676,0.492312609,0.564948352,0.585830288,0.835644576,0.356728509,0.213431808,0.428283747,
7/7/22,,,,,,,,,,435.32,5.3,2.39E+13,3.05E+13,3.05E+13,,14184506187,0.653374621,0.503904006,0.633124968,0.605480478,0.88136159,0.276370094,0.21940633,0.349453503,
7/8/22,,,,,,,,,,433.69,,2.39E+13,3.05E+13,3.05E+13,,15035091624,0.586419241,0.535101138,0.605565467,0.583199332,0.796613121,0.370308839,0.292862471,0.47392904,
7/9/22,,,,,,,,,,,,,,,,,0.515080513,0.470539655,0.630307415,0.523524548,0.834181314,0.496492927,0.247877374,0.403681665,
7/10/22,,,,,,,,,,,,,,,,,0.500316211,0.464955626,0.627888091,0.489903035,0.80791224,0.354420326,0.21054347,0.35147229,
7/11/22,,,,,,,,,,435.8,,2.39E+13,3.05E+13,3.05E+13,,16288824525,0.530281672,0.482969076,0.590795655,0.553595357,0.861377417,0.542997571,0.245314385,0.476735133,
7/12/22,,,,,,,,,,436.49,,2.39E+13,3.05E+13,3.05E+13,,15937405345,0.532062896,0.524750328,0.593458228,0.617800018,0.861867181,0.474809048,0.227451185,0.460981129,
7/13/22,,,,,,,,,,437.21,,2.39E+13,3.05E+13,3.05E+13,,13472866538,0.530364571,0.426695214,0.570759421,0.565585697,0.851043988,0.369370809,0.179916536,0.436191052,
7/14/22,,,,,,,,,,435.93,5.51,2.39E+13,3.05E+13,3.05E+13,,11111829160,0.54128675,0.487546064,0.41133707,0.613536029,0.866409891,0.423206999,0.209888368,0.425948371,
7/15/22,,,,,,,,,,436.83,,2.39E+13,3.05E+13,3.05E+13,,12786755830,0.490193073,0.472037228,0.718322558,0.619933606,0.795843535,0.373621327,0.211990906,0.44386111,
7/16/22,,,,,,,,,,,,,,,,,0.631199237,0.476272036,0.737585466,0.591958987,0.843804033,0.355694335,0.245594147,0.512295135,
7/17/22,,,,,,,,,,,,,,,,,0.52349228,0.449382751,0.59650297,0.50924524,0.879565772,0.446706259,0.281953376,0.574880348,
7/18/22,,,,,,,,,,435.83,,2.39E+13,3.05E+13,3.05E+13,,15451815260,0.666676854,0.531179369,0.68580261,0.619910152,0.85836156,0.359157463,0.257349762,0.438456627,
7/19/22,,,,,,,,,,434.68,,2.39E+13,3.06E+13,3.05E+13,,14446383975,0.522008152,0.524059016,0.791407063,0.625540802,0.871603833,0.471480533,0.270649154,0.46739802,0.301944616
7/20/22,,,,,,,,,,434.75,,2.39E+13,3.05E+13,3.05E+13,,13219317761,0.526862341,0.511357606,0.645904744,0.625373199,0.835621011,0.331840387,0.284757389,0.513539319,0.33812982
7/21/22,,,,,,,,,,437.75,5.54,2.39E+13,3.05E+13,3.05E+13,,13053967707,0.53485049,0.501228264,0.843830149,0.624708798,0.854065718,0.380563403,0.240258972,0.444564387,0.332837281
7/22/22,,,,,,,,,,440.73,,2.39E+13,3.05E+13,3.05E+13,,12617402036,0.519773821,0.554869786,0.869871404,0.601832423,0.841101304,0.421600066,0.234443855,0.463382061,0.352725038
7/23/22,,,,,,,,,,,,,,,,,0.63357902,0.446246443,0.878271518,0.647290114,0.799943413,0.53362093,0.236991512,0.517228602,0.32027431
7/24/22,,,,,,,,,,,,,,,,,0.606665441,0.442419949,0.778982553,0.582370815,0.880299318,0.358770073,0.265544279,0.46045153,0.335424108
7/25/22,,,,,,,,,,439.53,,2.39E+13,3.05E+13,3.06E+13,,14918958236,0.536656256,0.549345765,0.791943979,0.535672464,0.877125353,0.364410754,0.260515409,0.488977429,0.366058436
7/26/22,,,,,,,,,,439.55,,2.39E+13,3.06E+13,3.06E+13,,12827928738,0.565684947,0.48811015,0.703773827,0.595045409,0.790452811,0.366854553,0.309791348,0.482355997,0.34849717
7/27/22,,,,,,,,,,439.84,,2.39E+13,3.06E+13,3.06E+13,,9944477680,0.607455152,0.499534181,0.764972184,0.573376838,0.837429033,0.408937306,0.248084887,0.492130832,0.343788071
7/28/22,,,,,,,,,,441.97,5.3,2.39E+13,3.06E+13,3.06E+13,,10091353639,0.580590586,0.470860636,0.743938795,0.593523629,0.850229808,0.46261623,0.214465882,0.402525986,0.337853992
7/29/22,,,,,,,,,,441.87,,2.40E+13,3.06E+13,3.06E+13,,9890187414,0.5684593,0.498078481,0.725397399,0.613418035,0.822868005,0.438573865,0.221604814,0.502203448,0.359206343
7/30/22,,,,,,,,,,,,,,,,,0.657218333,0.508160753,0.68897022,0.543792161,0.822770401,0.393242261,0.210276615,0.493888406,0.349977061
7/31/22,,,,,,,,,,,,,,,6860766588,,0.433516866,0.483170979,0.694115836,0.546220246,0.812887175,0.468068759,0.213305394,0.43609127,0.345362669
8/1/22,2.59E+13,296276,5.9,820000,2.33,5.5,60.1,3.7,58.2,443.98,,2.39E+13,3.05E+13,3.06E+13,,15011919111,0.62550281,0.529836218,0.697306628,0.563880645,0.862658337,0.454454932,0.245969899,0.433585139,0.397948171
8/2/22,,,,,,,,,,440.17,,2.40E+13,3.06E+13,3.06E+13,,14806043080,0.544375428,0.416482866,0.64753075,0.548475591,0.866023793,0.391364338,0.274976389,0.466193777,0.387626821
8/3/22,,,,,,,,,,441.64,,2.40E+13,3.06E+13,3.06E+13,,13516056579,0.556728499,0.524618274,0.796617104,0.550845222,0.819935917,0.395010275,0.266992264,0.440957256,0.387288383
8/4/22,,,,,,,,,,442.54,4.99,2.40E+13,3.06E+13,3.06E+13,,13423503182,0.566894713,0.503879841,0.669461273,0.548756973,0.811212694,0.333622945,0.218492511,0.448699894,0.307391602
8/5/22,,,,,,,,,,438.37,,2.40E+13,3.06E+13,3.06E+13,,13148012925,0.572547008,0.541528831,0.683275137,0.542909954,0.82982698,0.475155973,0.258642541,0.512253522,0.412584922
8/6/22,,,,,,,,,,,,,,,,,0.636734776,0.527882312,0.724569794,0.582843574,0.864647021,0.48673992,0.274030108,0.440004599,0.349081644
8/7/22,,,,,,,,,,,,,,,,,0.544612355,0.537641129,0.819878362,0.448061067,0.850899592,0.415850145,0.221432978,0.490956326,0.326767327
8/8/22,,,,,,,,,,440.11,,2.40E+13,3.06E+13,3.07E+13,,15881958997,0.556650966,0.536514718,0.759258091,0.549947178,0.805434817,0.514875285,0.249658473,0.566217882,0.37409237
8/9/22,,,,,,,,,,439.31,,2.40E+13,3.07E+13,3.07E+13,,14508833122,0.524172749,0.551035872,0.744662308,0.578323648,0.823552987,0.469618616,0.2788165,0.456025787,0.3945601
8/10/22,,,,,,,,,,439.21,,2.40E+13,3.07E+13,3.07E+13,,10414033487,0.61270144,0.572860757,0.853828189,0.58221327,0.848301644,0.520305483,0.261605535,0.447941409,0.399572635
8/11/22,,,,,,,,,,437,5.22,2.40E+13,3.07E+13,3.07E+13,,10095588201,0.620531243,0.598003618,0.740450893,0.560382575,0.843673103,0.463984268,0.246359895,0.471224469,0.37818407
8/12/22,,,,,,,,,,438.05,,2.40E+13,3.07E+13,3.07E+13,,9418810940,0.591842913,0.515041337,0.780031715,0.53241995,0.810911821,0.482718969,0.241291498,0.497811628,0.390962097
8/13/22,,,,,,,,,,,,,,,,,0.477778159,0.531397543,0.780959901,0.557044108,0.867776507,0.526188565,0.250831067,0.497333843,0.385903474
8/14/22,,,,,,,,,,,,,,,,,0.58630363,0.49543122,0.722953806,0.55373966,0.858731445,0.555417413,0.22743412,0.456072445,0.343925475
8/15/22,,,,,,,,,,438.68,,2.41E+13,3.07E+13,3.07E+13,,12490319765,0.609379052,0.523958587,0.749017967,0.579276382,0.846250598,0.478027933,0.223785903,0.451870395,0.373292999
8/16/22,,,,,,,,,,438.6,,2.41E+13,3.07E+13,3.07E+13,,13243182831,0.563001021,0.545604297,0.637839453,0.679445553,0.855222616,0.473387376,0.263182682,0.392086267,0.41963396
8/17/22,,,,,,,,,,436.82,,2.41E+13,3.07E+13,3.07E+13,,11590411312,0.561004049,0.521990163,0.678583158,0.527314055,0.826608418,0.397073457,0.258719697,0.529858002,0.35011482
8/18/22,,,,,,,,,,437.37,5.13,2.41E+13,3.07E+13,3.07E+13,,11749851995,0.551448545,0.523018412,0.702104386,0.625817892,0.865941557,0.528067935,0.257681295,0.432408396,0.352247707
8/19/22,,,,,,,,,,435.44,,2.41E+13,3.07E+13,3.07E+13,,11798723327,0.524702993,0.481621287,0.681678506,0.58709632,0.863541376,0.419813197,0.253547947,0.495374622,0.342295784
8/20/22,,,,,,,,,,,,,,,,,0.557241166,0.511389444,0.811269523,0.561124829,0.882132988,0.583571373,0.240686646,0.468090393,0.301887487
8/21/22,,,,,,,,,,,,,,,,,0.620155095,0.454396771,0.871417319,0.544052686,0.846371013,0.515398079,0.240629635,0.503276808,0.310949701
8/22/22,,,,,,,,,,434.42,,2.41E+13,3.07E+13,3.08E+13,,14378302300,0.58347108,0.49443878,0.734873041,0.617405288,0.835698983,0.519317604,0.22783169,0.45266817,0.311221572
8/23/22,,,,,,,,,,433.95,,2.41E+13,3.08E+13,3.08E+13,,13456648599,0.538830851,0.510140679,0.658515334,0.6412868,0.844745837,0.470760213,0.276765993,0.489860969,0.336874384
8/24/22,,,,,,,,,,432.86,,2.41E+13,3.08E+13,3.08E+13,,11466874289,0.587996333,0.541470769,0.65555302,0.623152142,0.736545124,0.474170157,0.249615963,0.521119579,0.319003014
8/25/22,,,,,,,,,,434.47,5.55,2.42E+13,3.08E+13,3.08E+13,,9993362805,0.575851835,0.528173132,0.726876914,0.54124873,0.706440944,0.347672224,0.253916168,0.46541674,0.323903201
8/26/22,,,,,,,,,,434.66,,2.42E+13,3.08E+13,3.09E+13,,9548825617,0.535355646,0.534150108,0.706920579,0.563299502,0.764563594,0.410034254,0.213488462,0.473287569,0.331783013
8/27/22,,,,,,,,,,,,,,,,,0.482774564,0.486684974,0.720112717,0.591904763,0.786577662,0.444990766,0.131282551,0.459938597,0.292570831
8/28/22,,,,,,,,,,,,,,,,,0.555084176,0.448049734,0.727775789,0.598961081,0.698856886,0.453896683,0.207538062,0.363052694,0.27723687
8/29/22,,,,,,,,,,433.37,,2.42E+13,3.09E+13,3.09E+13,,12077140486,0.469828475,0.505860552,0.758362978,0.610547579,0.809373092,0.362246106,0.247231157,0.496888822,0.33149406
8/30/22,,,,,,,,,,433.48,,2.42E+13,3.09E+13,3.09E+13,,11108784824,0.55339789,0.505006099,0.737284201,0.589110101,0.853916587,0.476874552,0.28053059,0.516356991,0.321061705
8/31/22,,,,,,,,,,432.31,,2.43E+13,3.09E+13,3.09E+13,6860770700,9719826617,0.574046038,0.525891399,0.833604131,0.606695465,0.871347155,0.458313887,0.231659979,0.487494413,0.301111976
9/1/22,2.58E+13,296171,6.3,830000,2.56,5.73,60.1,3.5,58.6,430.13,5.66,2.43E+13,3.09E+13,3.09E+13,,12416113329,0.500120454,0.520941594,0.809190578,0.636594697,0.856447656,0.460633257,0.244503768,0.476426936,0.326685808
9/2/22,,,,,,,,,,431.66,,2.43E+13,3.09E+13,3.09E+13,,13305070295,0.452370005,0.544386623,0.821981806,0.552059877,0.78985888,0.388349655,0.188372456,0.419105856,0.335356889
9/3/22,,,,,,,,,,,,,,,,,0.52121788,0.591589928,0.690107575,0.668065525,0.826983797,0.626589943,0.246136815,0.419862257,0.3379305
9/4/22,,,,,,,,,,,,,,,,,0.416506902,0.565645962,0.55088423,0.499872903,0.807122805,0.432529815,0.271211652,0.494842179,0.33483326
9/5/22,,,,,,,,,,,,,,,,,0.634385128,0.569195909,0.706702075,0.63320468,0.836165314,0.511396402,0.257873754,0.486833867,0.307692508
9/6/22,,,,,,,,,,428.62,,2.43E+13,3.09E+13,3.09E+13,,16083781934,0.480486266,0.560253509,0.647317922,0.599524278,0.796163303,0.398957759,0.247778193,0.456729729,0.355012083
9/7/22,,,,,,,,,,430.56,,2.43E+13,3.09E+13,3.09E+13,,15840513629,0.547317701,0.526669904,0.610872129,0.644230986,0.783934969,0.520275651,0.210472041,0.369672355,0.348613855
9/8/22,,,,,,,,,,429.34,5.89,2.43E+13,3.09E+13,3.09E+13,,15168174324,0.519262966,0.517771312,0.697205036,0.66029282,0.87865552,0.37001319,0.26187688,0.457365476,0.34605201
9/9/22,,,,,,,,,,429.14,,2.43E+13,3.09E+13,3.09E+13,,16436516723,0.551765642,0.551136992,0.692009829,0.591147333,0.831294247,0.421546186,0.276409605,0.51397087,0.36091638
9/10/22,,,,,,,,,,,,,,,,,0.751400666,0.494473438,0.786189013,0.537584203,0.861286788,0.493060316,0.215287508,0.477613169,0.322190819
9/11/22,,,,,,,,,,,,,,,,,0.477925234,0.498948803,0.702568968,0.602976834,0.793152638,0.47040486,0.26466223,0.501782385,0.342507528
9/12/22,,,,,,,,,,428.51,,2.43E+13,3.09E+13,3.09E+13,,18635207395,0.588374684,0.543264645,0.719939465,0.633310982,0.825730227,0.41737022,0.275110279,0.437780956,0.398323664
9/13/22,,,,,,,,,,427.21,,2.43E+13,3.09E+13,3.09E+13,,18244102225,0.512715011,0.468713643,0.861262691,0.60723704,0.840438659,0.336623532,0.213417377,0.464920172,0.307095115
9/14/22,,,,,,,,,,427.09,,2.43E+13,3.09E+13,3.09E+13,,23033827713,0.542457652,0.478402438,0.696743934,0.557189516,0.787061372,0.366559143,0.237253486,0.450286785,0.317819087
9/15/22,,,,,,,,,,426.34,6.02,2.43E+13,3.09E+13,3.09E+13,,33134170744,0.555588191,0.500561541,0.853431484,0.623789625,0.849057757,0.484499769,0.226592486,0.492401483,0.331199343
9/16/22,,,,,,,,,,426.19,,2.43E+13,3.09E+13,3.09E+13,,36518566119,0.520121214,0.487035345,0.839786471,0.58251229,0.826263947,0.416380226,0.176442754,0.462365662,0.314691883
9/17/22,,,,,,,,,,,,,,,,,0.550676161,0.480188274,0.849013787,0.638379917,0.762933468,0.560953522,0.266354673,0.35567459,0.317426178
9/18/22,,,,,,,,,,,,,,,,,0.457224367,0.506436829,0.86526887,0.683300006,0.855168883,0.427399092,0.252931574,0.33569581,0.297757725
9/19/22,,,,,,,,,,425.74,,2.43E+13,3.09E+13,3.09E+13,,38205745968,0.426499415,0.506332395,0.764928172,0.665247176,0.830350946,0.380608139,0.212861795,0.438621054,0.30771281
9/20/22,,,,,,,,,,424.45,,2.43E+13,3.09E+13,3.09E+13,,37907997285,0.507505087,0.514184162,0.680154333,0.62412227,0.833145894,0.43288864,0.244402473,0.417538654,0.323072702
9/21/22,,,,,,,,,,425.55,,2.43E+13,3.09E+13,3.09E+13,,37735466024,0.535456578,0.461076235,0.627099297,0.68574298,0.825018956,0.390824356,0.205587412,0.403997361,0.283861015
9/22/22,,,,,,,,,,421.98,6.29,2.43E+13,3.09E+13,3.09E+13,,37465232716,0.529614636,0.477196537,0.650873809,0.626315691,0.81688322,0.361661151,0.203208434,0.336048567,0.305870912
9/23/22,,,,,,,,,,421.92,,2.43E+13,3.09E+13,3.09E+13,,32453135685,0.429974428,0.468846679,0.693463181,0.627013556,0.848992468,0.351390164,0.202226338,0.368247945,0.340796692
9/24/22,,,,,,,,,,,,,,,,,0.489866455,0.440018959,0.654794021,0.584959394,0.835504652,0.397708031,0.190103074,0.370065363,0.382281796
9/25/22,,,,,,,,,,,,,,,,,0.455811079,0.47573112,0.694587895,0.578314624,0.885601721,0.401260854,0.229024184,0.412468089,0.351737352
9/26/22,,,,,,,,,,418.56,,2.43E+13,3.09E+13,3.09E+13,,21951701732,0.431854138,0.446623316,0.728327486,0.629543409,0.87016473,0.372607281,0.19296122,0.349369638,0.357656459
9/27/22,,,,,,,,,,416.39,,2.43E+13,3.09E+13,3.09E+13,,18247648358,0.479547077,0.472088843,0.579342906,0.624616618,0.848414894,0.412044752,0.194596011,0.40802702,0.410521675
9/28/22,,,,,,,,,,421.58,,2.43E+13,3.09E+13,3.09E+13,,16040163247,0.500531189,0.451369074,0.826930851,0.567102574,0.864322147,0.386117135,0.248146801,0.43522029,0.374046094
9/29/22,,,,,,,,,,420.46,6.7,2.43E+13,3.09E+13,3.10E+13,,15548308489,0.524507236,0.462344547,0.648422104,0.579207226,0.759912233,0.416112641,0.200296335,0.445435875,0.277247638
9/30/22,,,,,,,,,,419.32,,2.43E+13,3.09E+13,3.10E+13,6860776019,13711831176,0.547189138,0.451764889,0.852993271,0.687490062,0.803188304,0.46807946,0.23664383,0.411442255,0.310258161
10/1/22,2.61E+13,296808,6.6,810000,3.08,6.25,60,3.7,59.9,,,,,,,,0.499639481,0.498248796,0.838918661,0.576804208,0.862867997,0.480874866,0.222301866,0.476745599,0.28397628
10/2/22,,,,,,,,,,,,,,,,,0.51239712,0.431056102,0.821588902,0.523431434,0.860161638,0.441244923,0.147573798,0.521729609,0.271172434
10/3/22,,,,,,,,,,421.94,,2.43E+13,3.11E+13,3.11E+13,,17695704938,0.514253151,0.505408009,0.721841185,0.583195453,0.802538081,0.463368895,0.252063051,0.531913762,0.348056451
10/4/22,,,,,,,,,,422.19,,2.43E+13,3.11E+13,3.11E+13,,16266541185,0.594983545,0.512537905,0.701501278,0.576852418,0.851533574,0.502906763,0.267456476,0.432242048,0.362620434
10/5/22,,,,,,,,,,420.43,,2.43E+13,3.11E+13,3.11E+13,,15366443503,0.650503375,0.494962682,0.605815664,0.602792651,0.844551496,0.411164962,0.274524936,0.417449874,0.345186245
10/6/22,,,,,,,,,,419.19,6.66,2.43E+13,3.11E+13,3.11E+13,,15313737136,0.564379755,0.520627945,0.670838706,0.634293574,0.815743598,0.480709621,0.265118343,0.411931095,0.355834492
10/7/22,,,,,,,,,,417.81,,2.43E+13,3.11E+13,3.11E+13,,14711834410,0.530890783,0.517814602,0.831395714,0.548338972,0.814134943,0.413008956,0.233818601,0.486991163,0.333168569
10/8/22,,,,,,,,,,,,,,,,,0.486965017,0.468541546,0.817310417,0.573128072,0.831537565,0.463978382,0.178367857,0.479362248,0.315997202
10/9/22,,,,,,,,,,,,,,,,,0.520482874,0.480473682,0.794205209,0.534424791,0.876558148,0.435475043,0.199901531,0.487979309,0.305497576
10/10/22,,,,,,,,,,,,,,,,,0.516512271,0.489436043,0.777323346,0.619342104,0.821684652,0.438086226,0.2382658,0.469754246,0.359595317
10/11/22,,,,,,,,,,416.94,,2.43E+13,3.12E+13,3.11E+13,,16740678296,0.491510681,0.476332829,0.693388185,0.561698863,0.863346362,0.424707615,0.248393879,0.530130628,0.320073861
10/12/22,,,,,,,,,,417.84,,2.43E+13,3.11E+13,3.11E+13,,15679327417,0.496385827,0.459833372,0.672512405,0.636485254,0.830939337,0.423798193,0.248235336,0.474211308,0.339709102
10/13/22,,,,,,,,,,416.01,6.92,2.43E+13,3.11E+13,3.11E+13,,10974650609,0.535298585,0.460951111,0.649089479,0.594910802,0.840555816,0.448527619,0.229839381,0.435902302,0.321522895
10/14/22,,,,,,,,,,415.01,,2.43E+13,3.11E+13,3.12E+13,,12466601949,0.594485368,0.487959545,0.832286219,0.645870737,0.874852799,0.342938,0.284638837,0.399103721,0.345592504
10/15/22,,,,,,,,,,,,,,,,,0.608507394,0.495029355,0.822308887,0.550602788,0.81999598,0.458771351,0.242036628,0.49359967,0.326760952
10/16/22,,,,,,,,,,,,,,,,,0.545389274,0.463021029,0.722826915,0.449631207,0.857547974,0.441046356,0.204617032,0.461892574,0.310904421
10/17/22,,,,,,,,,,415.14,,2.43E+13,3.12E+13,3.12E+13,,17234823105,0.538636386,0.491764166,0.739000916,0.570150484,0.850241,0.470779828,0.267959492,0.42423532,0.328820619
10/18/22,,,,,,,,,,415.78,,2.43E+13,3.12E+13,3.12E+13,,17964678572,0.652765734,0.489912511,0.693742942,0.569310826,0.845887314,0.49373528,0.280596801,0.490801871,0.339004842
10/19/22,,,,,,,,,,413.2,,2.44E+13,3.12E+13,3.12E+13,,19457733936,0.541279701,0.495040165,0.661827896,0.60056542,0.804582331,0.498335129,0.283443634,0.500735936,0.31068151
10/20/22,,,,,,,,,,411.28,6.94,2.43E+13,3.12E+13,3.12E+13,,17136415431,0.512871531,0.478052839,0.652875391,0.543446872,0.840171402,0.475858713,0.228026596,0.492981099,0.333211509
10/21/22,,,,,,,,,,411.23,,2.43E+13,3.12E+13,3.12E+13,,17474245445,0.495285012,0.480628478,0.770410618,0.583899628,0.88341351,0.410968016,0.255376089,0.482290921,0.338112226
10/22/22,,,,,,,,,,,,,,,,,0.536522313,0.472414044,0.901139678,0.495820746,0.817657502,0.610475058,0.182739255,0.51424058,0.338122973
10/23/22,,,,,,,,,,,,,,,,,0.550868055,0.470637838,0.887737297,0.551005189,0.855594386,0.411151564,0.176256528,0.426114872,0.311744171
10/24/22,,,,,,,,,,410.77,,2.43E+13,3.12E+13,3.13E+13,,19032634374,0.542848007,0.488622237,0.864345718,0.610233581,0.864432329,0.476272982,0.245147053,0.479490315,0.335760067
10/25/22,,,,,,,,,,413.66,,2.44E+13,3.13E+13,3.13E+13,,17723657410,0.578159122,0.527657884,0.789596547,0.633331452,0.825411496,0.40497798,0.240373894,0.502260301,0.362384953
10/26/22,,,,,,,,,,415.11,,2.44E+13,3.13E+13,3.13E+13,,12859916368,0.591833068,0.535930748,0.777670466,0.601157093,0.80308619,0.475453319,0.24622136,0.490967922,0.364731555
10/27/22,,,,,,,,,,416.87,7.08,2.44E+13,3.13E+13,3.13E+13,,12328205750,0.590925311,0.531259243,0.560931088,0.574007898,0.821720491,0.418859453,0.273055031,0.497871144,0.339888398
10/28/22,,,,,,,,,,415.52,,2.44E+13,3.13E+13,3.12E+13,,11224313334,0.595216791,0.548389757,0.532473622,0.585983978,0.83645905,0.489944343,0.309928426,0.501034307,0.334535702
10/29/22,,,,,,,,,,,,,,,,,0.672551753,0.530043876,0.562954147,0.554765445,0.904548867,0.460974888,0.197489311,0.432758682,0.327382837
10/30/22,,,,,,,,,,,,,,,,,0.463176804,0.497682463,0.647093682,0.617055132,0.774370943,0.361816129,0.187552641,0.508017525,0.314846258
10/31/22,,,,,,,,,,414.34,,2.44E+13,3.12E+13,3.12E+13,6860782626,14271211545,0.499899036,0.508410294,0.800407672,0.598882271,0.872782643,0.460839426,0.272758781,0.504304602,0.324581916
11/1/22,2.62E+13,298012,6.3,800000,3.78,6.95,59.9,3.6,56.8,414.7,,2.44E+13,3.12E+13,3.12E+13,,15867872910,0.625753095,0.536755753,0.785715403,0.545064997,0.866345548,0.444460387,0.306984538,0.450139544,0.340080247
11/2/22,,,,,,,,,,414.18,,2.44E+13,3.12E+13,3.12E+13,,14676198413,0.566111156,0.533879209,0.662880321,0.616820293,0.876513906,0.40213464,0.247224717,0.389518299,0.312907074
11/3/22,,,,,,,,,,412.96,6.95,2.44E+13,3.12E+13,3.12E+13,,14613265132,0.594812201,0.499179775,0.755104446,0.577933489,0.828223595,0.36477356,0.235928185,0.46863448,0.325633407
11/4/22,,,,,,,,,,412.25,,2.44E+13,3.12E+13,3.12E+13,,14100273931,0.676163548,0.507547948,0.849680807,0.583214379,0.809252389,0.378440009,0.232649139,0.405666614,0.362337002
11/5/22,,,,,,,,,,,,,,,,,0.603810523,0.53748811,0.874836478,0.486715551,0.84611577,0.420425161,0.280301331,0.396010762,0.32282313
11/6/22,,,,,,,,,,,,,,,,,0.497068845,0.551931412,0.873149337,0.534865439,0.829847526,0.553012854,0.287034236,0.401641858,0.307970939
11/7/22,,,,,,,,,,411.21,,2.44E+13,3.12E+13,3.12E+13,,16009703454,0.586668529,0.539090562,0.797927197,0.576389385,0.838854651,0.509974792,0.297415461,0.458544204,0.356746672
11/8/22,,,,,,,,,,412.73,,2.44E+13,3.13E+13,3.13E+13,,14859929658,0.640576007,0.556569696,0.857209277,0.632014538,0.835788839,0.446433032,0.255825695,0.451774035,0.367043149
11/9/22,,,,,,,,,,413.56,,2.44E+13,3.12E+13,3.13E+13,,12578924332,0.5819364,0.569613879,0.80574113,0.625163342,0.866252929,0.481320364,0.264934336,0.453156393,0.379725428
11/10/22,,,,,,,,,,419.31,7.08,2.44E+13,3.13E+13,3.13E+13,,10732968834,0.608690833,0.561314433,0.74896582,0.607221005,0.809624437,0.467054638,0.265111386,0.463129883,0.411261336
11/11/22,,,,,,,,,,,,,,,,,0.630392127,0.541195502,0.909727563,0.60989289,0.789492078,0.51756484,0.196655248,0.451308675,0.395545697
11/12/22,,,,,,,,,,,,,,,,,0.662930226,0.562348678,0.878994699,0.510236141,0.834954631,0.518490005,0.231600304,0.410493482,0.382056678
11/13/22,,,,,,,,,,,,,,,,,0.650365811,0.530524805,0.840357756,0.449762879,0.886144158,0.405453987,0.226118359,0.602741388,0.363839561
11/14/22,,,,,,,,,,418.44,,2.44E+13,3.13E+13,3.13E+13,,13033920412,0.661205934,0.546283431,0.679915971,0.56195964,0.865290598,0.66004219,0.211648949,0.428320402,0.434203544
11/15/22,,,,,,,,,,420.39,,2.44E+13,3.13E+13,3.13E+13,,13527478840,0.595441665,0.53295024,0.668162408,0.634193368,0.820262868,0.524207284,0.241821362,0.349707167,0.418928509
11/16/22,,,,,,,,,,422.43,,2.44E+13,3.13E+13,3.13E+13,,15290054086,0.508588232,0.503663039,0.714955769,0.604131751,0.851669308,0.534878693,0.232387953,0.389631001,0.326379729
11/17/22,,,,,,,,,,420.75,6.61,2.44E+13,3.13E+13,3.13E+13,,13335617150,0.581295271,0.506621203,0.764315776,0.501122574,0.867089732,0.512228043,0.216580643,0.39048783,0.374507206
11/18/22,,,,,,,,,,419.77,,2.44E+13,3.13E+13,3.13E+13,,14341792941,0.561582403,0.508507334,0.846689559,0.585354231,0.820748664,0.440681977,0.275561713,0.346907669,0.365945286
11/19/22,,,,,,,,,,,,,,,,,0.560324315,0.515815146,0.872642911,0.522256059,0.861702164,0.421151928,0.263457606,0.34960096,0.33911552
11/20/22,,,,,,,,,,,,,,,,,0.537468776,0.488864226,0.78805183,0.510418972,0.850162942,0.627254818,0.252652135,0.383360995,0.393501623
11/21/22,,,,,,,,,,419.94,,2.44E+13,3.13E+13,3.13E+13,,15619232425,0.57457015,0.535856673,0.770482428,0.632366173,0.878404546,0.536559615,0.276714474,0.417540532,0.408955862
11/22/22,,,,,,,,,,421.31,,2.45E+13,3.13E+13,3.13E+13,,15020104105,0.655168614,0.535036661,0.685193738,0.628945333,0.890930703,0.637604786,0.300128133,0.506324518,0.398321947
11/23/22,,,,,,,,,,422.95,6.58,2.45E+13,3.13E+13,3.14E+13,,12461313722,0.62982642,0.569907773,0.887552468,0.58548252,0.846649111,0.552697245,0.296370744,0.454445633,0.398983336
11/24/22,,,,,,,,,,,,,,,,,0.602953071,0.542961597,0.773055929,0.646569613,0.816234294,0.594299235,0.304099627,0.518739098,0.38837409
11/25/22,,,,,,,,,,423.27,,2.45E+13,3.14E+13,3.14E+13,,12899856128,0.595101449,0.555835492,0.799081717,0.651425696,0.87879875,0.503328864,0.376202146,0.53253739,0.38843275
11/26/22,,,,,,,,,,,,,,,,,0.73332073,0.524986637,0.784435953,0.566932564,0.887960539,0.476482245,0.244907016,0.464144366,0.403565005
11/27/22,,,,,,,,,,,,,,,,,0.560172532,0.509141182,0.830505266,0.605951415,0.733868698,0.532963349,0.30256886,0.35284052,0.408409336
11/28/22,,,,,,,,,,423.25,,2.45E+13,3.14E+13,3.14E+13,,12736315759,0.609473301,0.538355001,0.763394702,0.579657145,0.86106986,0.535211556,0.304965303,0.432921173,0.386987893
11/29/22,,,,,,,,,,422.15,,2.45E+13,3.14E+13,3.14E+13,,12708104575,0.583862596,0.538498007,0.700555246,0.602350473,0.855313047,0.507904531,0.307189222,0.560759755,0.364709434
11/30/22,,,,,,,,,,424.03,,2.46E+13,3.14E+13,3.14E+13,6860793788,12976112406,0.625745316,0.575462743,0.56922875,0.610931191,0.838067463,0.560308747,0.292747165,0.537047594,0.399976162
12/1/22,2.61E+13,297711,6,780000,4.1,7.27,60.1,3.5,59.7,427.6,6.49,2.45E+13,3.14E+13,3.14E+13,,13206955301,0.588750621,0.546434817,0.596712265,0.602467277,0.866545948,0.513561921,0.244432553,0.421856278,0.407551727
12/2/22,,,,,,,,,,428.55,,2.45E+13,3.14E+13,3.14E+13,,14760453234,0.620059744,0.540676686,0.680995749,0.576444221,0.828683275,0.471742137,0.286072098,0.50652347,0.410482033
12/3/22,,,,,,,,,,,,,,,,,0.603758964,0.534342122,0.764990451,0.544819651,0.864351776,0.480654264,0.206619571,0.481821426,0.357646396
12/4/22,,,,,,,,,,,,,,,,,0.486730367,0.540811182,0.72687733,0.592281931,0.7920283,0.493227165,0.292563573,0.390539762,0.360440412
12/5/22,,,,,,,,,,426.09,,2.45E+13,3.14E+13,3.13E+13,,15714399375,0.553117413,0.531251386,0.724647153,0.686013634,0.859033793,0.536217646,0.29751998,0.539031179,0.383687819
12/6/22,,,,,,,,,,427.63,,2.45E+13,3.13E+13,3.13E+13,,14671028196,0.599796224,0.566952197,0.655200751,0.559525479,0.832250521,0.540632101,0.299386002,0.496588559,0.40583375
12/7/22,,,,,,,,,,430.44,,2.45E+13,3.13E+13,3.13E+13,,13651943348,0.531511069,0.56151966,0.645208303,0.66322052,0.856446708,0.457130329,0.267924116,0.516738232,0.407592793
12/8/22,,,,,,,,,,429.3,6.33,2.45E+13,3.13E+13,3.13E+13,,13708531361,0.557079308,0.540962375,0.871795373,0.612839181,0.837229452,0.481201327,0.261093621,0.464683446,0.384393029
12/9/22,,,,,,,,,,427.09,,2.45E+13,3.13E+13,3.13E+13,,14068557632,0.562446043,0.562652593,0.654118564,0.553930401,0.898099788,0.472759361,0.285411992,0.430987443,0.422300384
12/10/22,,,,,,,,,,,,,,,,,0.636024586,0.486021174,0.794194235,0.574534208,0.845911459,0.491840659,0.23255111,0.394448878,0.371493641
12/11/22,,,,,,,,,,,,,,,,,0.501006248,0.488959473,0.780180946,0.611108483,0.83156112,0.472725365,0.269317126,0.490877556,0.379327621
12/12/22,,,,,,,,,,426.96,,2.45E+13,3.13E+13,3.13E+13,,15328416107,0.572874106,0.518744527,0.730599796,0.670125809,0.835766555,0.434629021,0.282782355,0.489475029,0.412065214
12/13/22,,,,,,,,,,429.18,,2.45E+13,3.13E+13,3.13E+13,,14900532071,0.594663411,0.52136781,0.712073129,0.61840761,0.835434476,0.502243985,0.301962578,0.449879743,0.413094762
12/14/22,,,,,,,,,,429.95,,2.45E+13,3.13E+13,3.13E+13,,17062693646,0.598239824,0.516152942,0.912542108,0.665389429,0.855315265,0.440613135,0.297195414,0.452962111,0.426054533
12/15/22,,,,,,,,,,430.31,6.31,2.45E+13,3.13E+13,3.13E+13,,27106167843,0.600488623,0.477939786,0.557612157,0.687164244,0.881865603,0.36505176,0.225935699,0.45463305,0.354215586
12/16/22,,,,,,,,,,429.64,,2.45E+13,3.13E+13,3.13E+13,,29231290075,0.577905586,0.495416245,0.679412214,0.638500879,0.855851388,0.402023338,0.242430209,0.522022998,0.339121645
12/17/22,,,,,,,,,,,,,,,,,0.573889259,0.492319615,0.76783944,0.60152457,0.831107398,0.395971807,0.198522515,0.450370017,0.330693789
12/18/22,,,,,,,,,,,,,,,,,0.448634975,0.507568392,0.742494984,0.550047523,0.885090238,0.500151211,0.23019099,0.441707699,0.351878401
12/19/22,,,,,,,,,,427.61,,2.45E+13,3.14E+13,3.13E+13,,32532812669,0.552299401,0.535746013,0.777279752,0.636444287,0.809163186,0.522992462,0.2898286,0.416544979,0.402636009
12/20/22,,,,,,,,,,425.79,,2.45E+13,3.13E+13,3.13E+13,,31460668122,0.538816639,0.52979871,0.667019027,0.605784368,0.881006067,0.421638686,0.243861737,0.448890588,0.359889025
12/21/22,,,,,,,,,,426.18,,2.45E+13,3.13E+13,3.13E+13,,30304850652,0.671798344,0.561755295,0.569650969,0.565684354,0.872387892,0.551683935,0.306505435,0.510476386,0.389324039
12/22/22,,,,,,,,,,425.93,6.27,2.45E+13,3.13E+13,3.13E+13,,29936074284,0.616118531,0.505293355,0.703354906,0.585361273,0.870581532,0.498176836,0.270898155,0.467405107,0.368390296
12/23/22,,,,,,,,,,424.43,,2.45E+13,3.13E+13,3.13E+13,,27373393022,0.560654541,0.527557454,0.779801703,0.564354435,0.804284696,0.379644115,0.296508114,0.458196925,0.353699679
12/24/22,,,,,,,,,,,,,,,,,0.616050131,0.495496287,0.842691975,0.5418315,0.77302304,0.42589173,0.291701049,0.356895797,0.376562566
12/25/22,,,,,,,,,,,,,,,,,0.609039078,0.547972302,0.918692195,0.601856991,0.926483749,0.515285384,0.249623789,0.383539227,0.397146781
12/26/22,,,,,,,,,,,,,,,,,0.650729577,0.513221189,0.769525253,0.597460209,0.840157595,0.42525126,0.272459311,0.357111883,0.385444791
12/27/22,,,,,,,,,,422.35,,2.45E+13,3.13E+13,3.13E+13,,21148469250,0.575779452,0.529850325,0.705186986,0.590401966,0.798669823,0.499809811,0.311359123,0.417533901,0.40538117
12/28/22,,,,,,,,,,421.81,,2.45E+13,3.13E+13,3.13E+13,,18762628300,0.579058501,0.531136486,0.827196887,0.622626131,0.877862675,0.380735718,0.26851045,0.534683112,0.370536656
12/29/22,,,,,,,,,,422.85,6.42,2.45E+13,3.13E+13,3.14E+13,,17620168862,0.643711021,0.532966071,0.693920355,0.610365033,0.840009032,0.585483887,0.332266949,0.457889862,0.393604582
12/30/22,,,,,,,,,,421.61,,2.45E+13,3.14E+13,3.14E+13,,20229215200,0.509082815,0.502639502,0.723113251,0.566050585,0.864923319,0.546474226,0.296128502,0.46928665,0.374961595
12/31/22,,,,,,,,,,,,,,,6860795665,,0.569381575,0.527868692,0.826802827,0.575337153,0.865044994,0.602006782,0.229961973,0.432403172,0.344874454
1/1/23,2.63E+13,296797,6.4,750000,4.33,7.5,60.2,3.4,64.9,,,,,,,,0.558152728,0.492355661,0.713790641,0.603863772,0.945780665,0.532306649,0.220038461,0.46416781,0.348939569
1/2/23,,,,,,,,,,,,,,,,,0.576746343,0.499537376,0.803559887,0.619957067,0.892086952,0.527425908,0.243082531,0.418907432,0.349748867
1/3/23,,,,,,,,,,423.71,,2.45E+13,3.14E+13,3.14E+13,,25613699866,0.622087727,0.505470257,0.878287316,0.564333806,0.831136379,0.542563405,0.282837237,0.371854337,0.347142984
1/4/23,,,,,,,,,,425.49,,2.45E+13,3.14E+13,3.14E+13,,25801250985,0.582014325,0.510527408,0.821493959,0.61625551,0.845417584,0.522109689,0.265067595,0.461494985,0.364171117
1/5/23,,,,,,,,,,425.19,6.48,2.45E+13,3.14E+13,3.14E+13,,25873862693,0.599836931,0.513630595,0.72727157,0.614091774,0.856391708,0.478164082,0.241769502,0.464873667,0.372552021
1/6/23,,,,,,,,,,428.56,,2.45E+13,3.14E+13,3.14E+13,,23080964034,0.573517182,0.532057526,0.753040564,0.64115104,0.839596297,0.463029043,0.272623503,0.521226382,0.372600876
1/7/23,,,,,,,,,,,,,,,,,0.630092957,0.536326064,0.786642216,0.536512684,0.873517972,0.586066324,0.276598534,0.403445688,0.355495539
1/8/23,,,,,,,,,,,,,,,,,0.647246168,0.530570098,0.749901864,0.599653995,0.836132154,0.433020626,0.237756706,0.440932018,0.344820308
1/9/23,,,,,,,,,,429.5,,2.45E+13,3.14E+13,3.14E+13,,24930038018,0.576179355,0.546893661,0.770623776,0.652270766,0.856821233,0.46723527,0.323517785,0.460846564,0.384953223
1/10/23,,,,,,,,,,427.79,,2.45E+13,3.14E+13,3.14E+13,,23008423733,0.677387169,0.517494721,0.795064015,0.623469517,0.848279692,0.452965296,0.325591703,0.44175814,0.366418528
1/11/23,,,,,,,,,,429.57,,2.45E+13,3.14E+13,3.14E+13,,21920668709,0.611086468,0.523950905,0.832789585,0.615728196,0.852464403,0.521168332,0.289183682,0.38438434,0.395386906
1/12/23,,,,,,,,,,432.15,6.33,2.45E+13,3.14E+13,3.14E+13,,14823493607,0.610345165,0.534852041,0.755057299,0.671708099,0.854850553,0.481286699,0.337375318,0.492764674,0.432770517
1/13/23,,,,,,,,,,430.81,,2.45E+13,3.14E+13,3.14E+13,,16918935626,0.619290656,0.547408416,0.884919263,0.640739827,0.794661956,0.499443633,0.375165033,0.397572495,0.418947648
1/14/23,,,,,,,,,,,,,,,,,0.566286345,0.509124144,0.84981254,0.570908496,0.868948691,0.576616611,0.291061625,0.371246659,0.432491313
1/15/23,,,,,,,,,,,,,,,,,0.614677767,0.519400982,0.716246353,0.601169364,0.845204642,0.354305309,0.261770196,0.436178782,0.468170056
1/16/23,,,,,,,,,,,,,,,,,0.677902971,0.549452319,0.710526066,0.593048493,0.866207411,0.462112899,0.32221821,0.46501999,0.421640645
1/17/23,,,,,,,,,,430.42,,2.45E+13,3.14E+13,3.14E+13,,25281759216,0.596253757,0.544958494,0.768836869,0.608678189,0.871460205,0.456391564,0.26927969,0.373309437,0.412002669
1/18/23,,,,,,,,,,433.88,,2.45E+13,3.14E+13,3.15E+13,,26101463401,0.628305299,0.544394813,0.768772378,0.627173737,0.84096066,0.495920659,0.306864956,0.391577703,0.398130998
1/19/23,,,,,,,,,,433.1,6.15,2.46E+13,3.15E+13,3.15E+13,,25849939060,0.572596063,0.509536514,0.862228514,0.626492561,0.851312313,0.491513409,0.274005042,0.429717283,0.355667111
1/20/23,,,,,,,,,,431.19,,2.46E+13,3.15E+13,3.15E+13,,27484838532,0.673210003,0.51294519,0.739033799,0.623128196,0.781842667,0.527753704,0.270517982,0.418970428,0.362999472
1/21/23,,,,,,,,,,,,,,,,,0.731438742,0.521100296,0.773085316,0.54024756,0.849253448,0.456742836,0.253613158,0.459898303,0.340770361
1/22/23,,,,,,,,,,,,,,,,,0.59425169,0.467640811,0.745442049,0.503456802,0.770191667,0.502553791,0.25265935,0.448595709,0.323711569
1/23/23,,,,,,,,,,430.33,,2.46E+13,3.15E+13,3.15E+13,,29397431388,0.608513959,0.518280164,0.754490602,0.616182752,0.791329658,0.498003966,0.277501904,0.439506177,0.389290777
1/24/23,,,,,,,,,,431.91,,2.46E+13,3.15E+13,3.15E+13,,30906926294,0.64989059,0.54852647,0.734605848,0.589118541,0.821171917,0.510740837,0.321041677,0.424759324,0.375104322
1/25/23,,,,,,,,,,432.31,,2.46E+13,3.15E+13,3.15E+13,,30498679222,0.64387655,0.547086448,0.719536228,0.64019194,0.863276407,0.476074383,0.267989867,0.410975827,0.376760553
1/26/23,,,,,,,,,,431.39,6.13,2.46E+13,3.15E+13,3.15E+13,,20533970593,0.585830863,0.568116206,0.82843622,0.639277156,0.807884368,0.480447224,0.31635981,0.427723164,0.376360327
1/27/23,,,,,,,,,,431.1,,2.46E+13,3.15E+13,3.15E+13,,19520689694,0.651089807,0.53228732,0.808762932,0.640631351,0.87078988,0.492443049,0.279142093,0.578157344,0.39308658
1/28/23,,,,,,,,,,,,,,,,,0.622688174,0.521238736,0.820925961,0.601479192,0.868385977,0.515395467,0.220963483,0.491653821,0.417824441
1/29/23,,,,,,,,,,,,,,,,,0.55778315,0.53244574,0.763958508,0.602636516,0.853547702,0.574981768,0.262565342,0.50774666,0.369988525
1/30/23,,,,,,,,,,430.38,,2.46E+13,3.15E+13,3.15E+13,,19394402329,0.657711437,0.53398286,0.755305913,0.58264047,0.884454863,0.399775167,0.309528533,0.491190334,0.380567876
1/31/23,,,,,,,,,,431.69,,2.46E+13,3.15E+13,3.15E+13,6860795996,18056594481,0.615319313,0.569622916,0.904093618,0.688970528,0.851170563,0.498118023,0.347577022,0.474374727,0.418801099
2/1/23,2.66E+13,301648,6,735480,4.57,7.75,60.4,3.6,67,433.78,,2.46E+13,3.15E+13,3.15E+13,,18469737696,0.553267834,0.599330031,0.721233629,0.686185628,0.87332424,0.513758466,0.278118975,0.462077131,0.375514551
2/2/23,,,,,,,,,,433.85,6.09,2.46E+13,3.15E+13,3.15E+13,,16750400198,0.627838079,0.608262685,0.660238255,0.660947747,0.774740986,0.411068861,0.54008182,0.474906654,0.414892853
2/3/23,,,,,,,,,,430.94,,2.46E+13,3.15E+13,3.15E+13,,15729282837,0.534178954,0.572915771,0.766679671,0.637651505,0.892053733,0.49626048,0.477944752,0.551053454,0.380649885
2/4/23,,,,,,,,,,,,,,,,,0.660998168,0.551017884,0.859643826,0.630537888,0.881397929,0.600119854,0.348856325,0.533103639,0.32677953
2/5/23,,,,,,,,,,,,,,,,,0.499944329,0.576323639,0.807031855,0.544002929,0.840993712,0.450075488,0.399425743,0.474020259,0.337887625
2/6/23,,,,,,,,,,428.82,,2.46E+13,3.15E+13,3.15E+13,,18665602425,0.563875801,0.591224545,0.749014337,0.654248382,0.85498208,0.461543487,0.366337463,0.548287003,0.385905765
2/7/23,,,,,,,,,,428.2,,2.46E+13,3.15E+13,3.15E+13,,17625579912,0.603801951,0.563271706,0.710734806,0.656551871,0.851070798,0.45788637,0.293670732,0.470243997,0.392902723
2/8/23,,,,,,,,,,428.93,,2.46E+13,3.15E+13,3.15E+13,,16058718747,0.618753115,0.577347669,0.812818149,0.634789868,0.829242876,0.605241828,0.335897813,0.436492819,0.388263417
2/9/23,,,,,,,,,,427.63,6.12,2.46E+13,3.15E+13,3.15E+13,,15412045813,0.607882645,0.591483993,0.774448419,0.636741673,0.785283464,0.519330672,0.361428967,0.457119482,0.358744221
2/10/23,,,,,,,,,,426.34,,2.46E+13,3.15E+13,3.15E+13,,11861181659,0.561162034,0.567092008,0.769479054,0.666340972,0.872081928,0.523536673,0.329444572,0.473700741,0.369411197
2/11/23,,,,,,,,,,,,,,,,,0.606481137,0.545219271,0.796465848,0.566102797,0.882620106,0.543779739,0.269366802,0.49958001,0.327085143
2/12/23,,,,,,,,,,,,,,,,,0.515243478,0.526117481,0.806761452,0.644932245,0.803801998,0.397793095,0.282807805,0.413894936,0.411046261
2/13/23,,,,,,,,,,427.17,,2.46E+13,3.15E+13,3.15E+13,,14117920915,0.518706475,0.564488807,0.906846657,0.640241795,0.874932559,0.296690258,0.356073799,0.448126874,0.353992003
2/14/23,,,,,,,,,,426.01,,2.46E+13,3.15E+13,3.15E+13,,12811951269,0.545654318,0.557334707,0.911006898,0.662612838,0.85756031,0.535887988,0.347971152,0.470239889,0.377122128
2/15/23,,,,,,,,,,425.17,,2.46E+13,3.15E+13,3.15E+13,,11608720629,0.609072477,0.553462185,0.902723247,0.673660186,0.842471287,0.460924965,0.35334225,0.479002761,0.345826575
2/16/23,,,,,,,,,,423.89,6.32,2.46E+13,3.15E+13,3.15E+13,,14029102840,0.579840019,0.57975321,0.79851437,0.705754555,0.856274546,0.484275622,0.350745891,0.491275445,0.376087851
2/17/23,,,,,,,,,,424.91,,2.46E+13,3.15E+13,3.15E+13,,14067961749,0.537063322,0.563774032,0.704537544,0.663941551,0.863185036,0.456082522,0.33549105,0.365881555,0.336019614
2/18/23,,,,,,,,,,,,,,,,,0.656898077,0.552563053,0.732531757,0.546705815,0.805116753,0.606011306,0.232444577,0.449360532,0.335231602
2/19/23,,,,,,,,,,,,,,,,,0.636667767,0.517608033,0.819528418,0.613114036,0.785509429,0.440849448,0.331904298,0.530720861,0.362310079
2/20/23,,,,,,,,,,,,,,,,,0.631302073,0.546986567,0.824364327,0.65235228,0.863590459,0.530533955,0.298197125,0.548320003,0.371491115
2/21/23,,,,,,,,,,422.25,,2.46E+13,3.15E+13,3.15E+13,,17781971240,0.559635175,0.576840909,0.786750649,0.653886657,0.844641136,0.45128493,0.367312817,0.463278862,0.425186693
2/22/23,,,,,,,,,,423.05,,2.46E+13,3.15E+13,3.15E+13,,17397764284,0.540396009,0.607411177,0.753781111,0.632682974,0.824041163,0.470064588,0.303769377,0.406063695,0.372454034
2/23/23,,,,,,,,,,424.05,6.5,2.46E+13,3.15E+13,3.15E+13,,15888330495,0.618586942,0.584289778,0.874358967,0.66007726,0.810169105,0.467229528,0.300089991,0.46618178,0.343701264
2/24/23,,,,,,,,,,422.15,,2.46E+13,3.15E+13,3.15E+13,,16461152183,0.519128564,0.533293565,0.835860533,0.648352159,0.864061,0.505941219,0.290559659,0.364519112,0.326661407
2/25/23,,,,,,,,,,,,,,,,,0.588216039,0.558102492,0.914916632,0.552329425,0.770228037,0.512197279,0.265295309,0.378914219,0.343315197
2/26/23,,,,,,,,,,,,,,,,,0.444285014,0.56627159,0.886859786,0.611616978,0.865967273,0.490266552,0.337674119,0.408305917,0.342905532
2/27/23,,,,,,,,,,422.87,,2.46E+13,3.15E+13,3.15E+13,,17845857982,0.998811013,,0.823757855,0.620325323,0.798118874,,,,0.374880776
2/28/23,,,,,,,,,,423.15,,2.46E+13,3.15E+13,3.15E+13,,17046033169,,,0.703923851,0.657899519,0.800795096,,,,0.45212017
3/1/23,,,,,4.65,8,60.2,3.5,,421.35,,2.47E+13,3.15E+13,,,20962559461,,,,0.55803376,0.839988642,,,,
3/2/23,,,,,,,,,,420.31,6.65,2.46E+13,3.15E+13,,,18013744424,,,,,,,,,